Type,SBS1,SBS2,SBS3,SBS5,SBS8,SBS13,SBS17b,SBS18
A[C>A]A,0.0008861572308774,5.80016751463797e-07,0.0208083233293317,0.011997600479904,0.0440982184319753,0.0018199198507297,0.0006079583062193,0.0515338577445382
A[C>A]C,0.0022804046121903,0.0001480042745114,0.0165066026410564,0.0094381123775245,0.0477980689580141,0.0007209682485583,0.0001289911537866,0.0158103874245379
A[C>A]G,0.0001770314106831,5.23015105199252e-05,0.001750700280112,0.0018496300739852,0.0046198133595402,0.000263988373952,5.81960089177082e-05,0.0024315975595966
A[C>A]T,0.0012802271507033,9.78028246433782e-05,0.0122048819527811,0.0066086782643471,0.0469981012767084,0.0003479846747549,0.0004559687296645,0.0214140690433615
C[C>A]A,0.0003120553679839,0.0002080060074215,0.0225090036014406,0.0074285142971405,0.040098380025447,0.0013999383467152,0.0002709814160944,0.0740486499630257
C[C>A]C,0.0017903176560617,9.53027524387929e-05,0.0253101240496198,0.0061387722455508,0.0387984325433252,0.0009679573711573,4.10971815552889e-05,0.0196128856658825
C[C>A]G,9.32165394105873e-05,2.23006440649012e-16,0.0025110044017607,0.0034593081383723,0.0034098622415654,4.32980931519775e-06,2.22984707708745e-16,0.0120078891831934
C[C>A]T,2.23039573911599e-16,0.0004210121592521,0.015406162464986,0.006488702259548,0.0329986668538591,2.21990223550554e-16,0.0001819875192959,0.0363238647791599
G[C>A]A,0.0015802803891494,8.62024896141022e-05,0.0071328531412565,0.0101979604079184,0.0241990223594967,0.0009489582078805,0.0009979315618534,0.109071660080673
G[C>A]C,0.000339060159444,2.23006440649012e-16,0.0109043617446979,0.0076484703059388,0.0261989415627609,0.0004509801388346,2.77980936067404e-06,0.0173113735724371
G[C>A]G,0.0005871041698928,1.39004014574944e-05,0.0014305722288915,0.0023395320935812,0.0027398893084719,0.000163992777758,9.23936636425471e-05,0.0075649701854118
G[C>A]T,2.23039573911599e-16,5.12014787499076e-05,0.0100040016006403,0.0068186362727454,0.0268989132839033,6.14972916592752e-05,0.0005339633807913,0.0623409580094122
T[C>A]A,6.58116769658438e-05,0.000639018455492,0.0084133653461384,0.0078584283143371,0.0297987961286364,0.0789965209932153,1.23991496663159e-05,0.0738485184766392
T[C>A]C,0.002530448977562,0.0001700049099118,0.0168067226890756,0.0091681663667266,0.0250989860009656,0.0293987052810194,2.22984707708745e-16,0.0436286640322692
T[C>A]G,2.23039573911599e-16,8.53024636204515e-05,0.0014105642256902,0.0022995400919816,0.0018999232431009,0.0120994671394672,9.50934784892449e-05,0.0127083493855463
T[C>A]T,5.88104347354349e-06,0.000440012708007,0.0099739895958383,0.0126974605078984,0.0318987112920638,0.0354984366488499,0.0025698237614864,0.122080206695799
A[C>G]A,0.0018603300783658,2.23006440649012e-16,0.0197078831532613,0.0100979804039192,0.0043298250750669,0.0038698295727056,0.0001459899880066,0.0017311373572437
A[C>G]C,0.0012202165030141,0.0001330038412839,0.0117046818727491,0.0056988602279544,0.0029498808248146,0.0009509581198044,4.33970238321055e-05,0.0025917027487059
A[C>G]G,0.000115020408071,1.52004390038788e-05,0.0002531012404961,0.0017196560687862,0.0002859884460667,0.000263988373952,2.22984707708745e-16,0.0019212622693109
A[C>G]T,0.0011402023060951,9.12026340232729e-05,0.017406962785114,0.0100979804039192,0.0057097693253192,0.0039998238477577,0.0003189781244802,0.0040826823222857
C[C>G]A,2.41042768218364e-05,2.23006440649012e-16,0.0193077230892357,0.0069586082783443,0.0049997980081604,0.0056097529464802,0.0001939866963923,0.0006134030057747
C[C>G]C,7.68136290422007e-05,0.0003510101375237,0.0141056422569028,0.0090681863627274,0.0054597794249112,0.0006479714633367,4.65968043911548e-05,0.002261485796168
C[C>G]G,0.0003520624664434,4.87014065453223e-05,0.001500600240096,0.00248950209958,1.0499575817137e-05,0.0004879785094264,2.22984707708745e-16,0.0035823536063193
C[C>G]T,2.23039573911599e-16,6.36018368846509e-05,0.0223089235694278,0.0095280943811237,0.0054897782129601,0.0063997181564123,0.0001929867649676,0.0037924916670252
G[C>G]A,9.59170185566022e-06,6.54018888719523e-05,0.0127050820328131,0.0046790641871625,0.0025798957722108,0.0014999339429091,5.98958923397031e-05,0.0006354174692773
G[C>G]C,0.0001640291036838,0.0002610075381587,0.0086334533813525,0.0050789842031593,0.0023899034479007,0.0004789789057689,5.54961940710105e-05,0.0013408809587899
G[C>G]G,0.0001660294586068,2.23006440649012e-16,0.0024209683873549,0.0015096980603879,0.0004879802855964,0.0002409893868274,2.22984707708745e-16,0.000639420099005
G[C>G]T,2.23039573911599e-16,0.0001340038701657,0.0147058823529412,0.0067186562687462,0.0048598036639319,0.0026998810972364,2.22984707708745e-16,0.0012308086412773
T[C>G]A,2.23039573911599e-16,2.23006440649012e-16,0.0133053221288515,0.0078084383123375,0.0014699406143991,0.316986039934801,0.0001599890279524,0.0021414069043361
T[C>G]C,0.0002030360246818,9.87028506370289e-05,0.0203081232492997,0.0075984803039392,0.001339945866187,0.0634972035831541,6.17957620466386e-05,0.0046430504841681
T[C>G]G,6.9412315827197e-05,4.12011899315663e-05,0.0005202080832332,0.0017096580683863,7.81968408476297e-05,0.0137993922747642,1.54989370828948e-05,0.0008995910313075
T[C>G]T,0.0015602768399197,0.0011800340805642,0.0235094037615046,0.0124975004999,0.0002489899408063,0.368983749955651,0.0014998971370543,0.0031820906335462
A[C>T]A,0.0250044365371747,6.11017646800655e-05,0.0142056822729092,0.0325934813037393,0.0068097248871145,0.0071796838067251,0.0005709608435053,0.0092060483737815
A[C>T]C,0.0063211215565977,0.0013800398569311,0.0124049619847939,0.0178964207158568,0.0028198860766025,2.21990223550554e-16,7.02951791566132e-05,0.0046530570584874
A[C>T]G,0.365064773442751,3.27009444359762e-05,0.0025710284113645,0.0061787642471505,0.0032298695132716,0.0003029866564676,0.0002869803188897,0.0122080206695799
A[C>T]T,0.0095817000810453,0.0018600537202114,0.0121048419367747,0.021995600879824,0.0124994950204012,0.0003179859958967,0.0001469899194313,0.0079752397325042
C[C>T]A,0.0020003549229739,0.0043201247695234,0.0161064425770308,0.0193961207758448,0.0026698921363576,1.92991500654311e-05,0.0004569686610892,0.0117076919536135
C[C>T]C,0.0002700479146014,0.0001700049099118,0.0202080832332933,0.018996200759848,0.004019837598561,0.0013499405486182,5.88959609150002e-05,0.0067644442398655
C[C>T]G,0.19603478245145,0.0027700800026805,0.0022408963585434,0.01749650069986,0.0014899398064318,0.0019899123642594,0.0005429627636136,0.0168110448564707
C[C>T]T,0.0001960347824514,0.0014500418786594,0.0230092036814726,0.0230953809238152,0.0144994142236654,0.0014499361448121,0.0001359906737595,0.0066543719223529
G[C>T]A,0.0044407879290022,2.23006440649012e-16,0.01640656262505,0.0193961207758448,0.0002759888500504,0.0071796838067251,6.10958100493466e-05,0.0096863639411093
G[C>T]C,9.28164684259925e-05,1.29003725756603e-07,0.0134053621448579,0.0215956808638272,0.0002449901023998,0.0009209594409462,0.0001569892336783,0.0081753712188908
G[C>T]G,0.218038686604164,2.23006440649012e-16,0.0005282112845138,0.0122975404919016,0.0019099228391173,0.0001779921612252,0.0008549413681209,0.0148097299926051
G[C>T]T,3.84068145211004e-05,5.04014556444403e-05,0.0113045218087235,0.0185962807438512,0.0046098137635239,0.001269944071663,2.22984707708745e-16,0.0066943982196303
T[C>T]A,0.0011101969822505,0.536015480663095,0.0057623049219687,0.0202959408118376,0.0050397963922257,0.0069296948162402,0.0001079925938679,0.0114074947240337
T[C>T]C,3.73066193134647e-05,0.0973028102024611,0.0133053221288515,0.022995400919816,0.0002519898196112,0.0044798027094886,0.0006039585805205,0.0114074947240337
T[C>T]G,0.110019520763569,0.0442012765770687,0.0009893957583033,0.0158968206358728,4.16983153880583e-05,0.0011899475947079,6.23957209014603e-05,0.0118077576968068
T[C>T]T,2.23039573911599e-16,0.30000866455024,0.008173269307723,0.020995800839832,0.0052697871006011,0.001419937465954,0.000894938625109,0.0037524653697479
A[T>A]A,0.0008001419691895,9.59027697678933e-05,0.0054921968787515,0.0073785242951409,0.0194992122318258,2.21990223550554e-16,6.25957071864009e-05,0.0024916370055126
A[T>A]C,0.0022303957391159,0.0008780253582503,0.0072128851540616,0.0069286142771445,0.0212991395147636,6.51971287184511e-05,0.0002889801817391,0.0008785772252369
A[T>A]G,0.0011402023060951,2.55007364867704e-05,0.0096438575430172,0.009118176364727,0.0227990789172117,0.0005899740175442,6.569549460298e-05,0.0026017093230252
A[T>A]T,0.0001830324754521,2.23006440649012e-16,0.0061124449779912,0.0061987602479504,0.0249989900408023,0.0006059733129352,0.0006329565918369,0.007845154266353
C[T>A]A,4.30076308439405e-05,0.0002430070182856,0.0079431772709083,0.0035392921415716,0.0189992324310098,0.0002089907960453,9.35935813521906e-05,0.0005423563281075
C[T>A]C,0.0003930697423643,0.0002440070471675,0.0178071228491397,0.0051889622075584,0.0291988203676571,0.0003419849389832,0.0022398463913344,0.0030620117417143
C[T>A]G,0.0003240574975217,0.0001490043033932,0.0132052821128451,0.0050089982003599,0.0275988850050458,0.0002259900473983,0.0007169508315119,0.0032121103565042
C[T>A]T,0.0002600461399866,2.23006440649012e-16,0.0127050820328131,0.0042991401719656,0.0417983113482215,0.0005229769680943,0.0077894657984355,0.002261485796168
G[T>A]A,8.12144098727434e-05,2.23006440649012e-16,0.007062825130052,0.0036692661467706,0.0127994829008908,6.69970494499421e-06,9.72933276235913e-05,0.0016010518910924
G[T>A]C,0.0001290228925318,0.0001310037835202,0.0074829931972789,0.0029094181163767,0.0134994546220333,0.0001299942750521,0.0003469762043719,0.0019512819922689
G[T>A]G,0.0002460436555257,6.38018426610177e-05,0.0116046418567427,0.0041091781643671,0.0155993697854607,4.69979302111534e-05,0.0002409834733533,0.0018312031004369
G[T>A]T,0.0002580457850636,6.28018137791835e-05,0.0123049219687875,0.0032193561287742,0.0280988648058618,0.0003579842343743,0.0015798916510305,0.0034622747144874
T[T>A]A,0.0067211925411925,0.000422012188134,0.0065126050420168,0.0063087382523495,0.0114995354187691,0.000295986964734,0.0011899183953964,0.010807100264874
T[T>A]C,2.23039573911599e-16,0.0001920055453121,0.0105042016806723,0.0041391721655668,0.0194992122318258,0.0002319897831699,0.0002419834047781,0.0027317947891764
T[T>A]G,2.80049689216357e-05,5.010144697989e-05,0.0067126850740296,0.0047890421915616,0.012899478861054,0.0001879917208446,2.22984707708745e-16,0.0017911768031596
T[T>A]T,0.0022503992883457,0.0002050059207759,0.0130052020808323,0.00874825034993,0.0378984689018564,6.19972696402449e-05,0.0013099101663607,0.0071046677667227
A[T>C]A,0.0010901934330208,6.1701782009166e-05,0.0165066026410564,0.0461907618476305,0.0097696053079455,0.0019099158873043,9.72933276235913e-05,0.0020213280125042
A[T>C]C,0.0030405394829204,2.15006209594339e-05,0.0077631052420968,0.0133973205358928,0.0050097976041767,0.0001419937465954,0.0002519827190251,0.0020913740327395
A[T>C]G,0.0001060188109176,1.32003812402106e-05,0.0123049219687875,0.0381923615276945,0.006979718019392,0.00042798115171,2.22984707708745e-16,0.0020813674584201
A[T>C]T,0.0057410186289353,0.0001550044766842,0.0173069227691076,0.0382923415316937,0.0148993980643182,0.0009589577674999,0.0005439626950383,0.0042427875113949
C[T>C]A,2.23039573911599e-16,0.0003020087223139,0.0088335334133653,0.0132973405318936,0.0023899034479007,4.73979125959292e-05,0.0006469556317827,0.000386253768726
C[T>C]C,0.0025004436537174,2.85008231322728e-05,0.0145058023209284,0.0103979204159168,0.0069997172114246,0.0001219946273566,0.0064595570035806,0.0024616172825546
C[T>C]G,0.0003600638861353,2.23006440649012e-16,0.0101040416166467,0.0207958408318336,0.0012599490980564,2.21990223550554e-16,0.0039197311848353,0.0016210650397311
C[T>C]T,4.26075598593457e-05,0.0001860053720211,0.0158063225290116,0.0148970205958808,0.0064597390265433,0.0001119950677372,0.0182987450720629,0.0025616830257479
G[T>C]A,0.0010501863345613,2.23006440649012e-16,0.0099839935974389,0.0140971805638872,0.0025998949642434,0.0002869873610766,5.9495919769822e-05,0.0007084654618084
G[T>C]C,0.0019003371768252,2.74007913622552e-05,0.0056422569027611,0.0079384123175365,0.002619894156276,0.0001819919850729,0.0014998971370543,0.002261485796168
G[T>C]G,0.0011702076299397,0.0001070030903562,0.0109043617446979,0.01499700059988,0.0028098864805861,0.0001949914125781,0.0010099307389499,0.0039826165790924
G[T>C]T,7.13126530040222e-05,1.25003610229267e-05,0.0102040816326531,0.0136972605478904,0.0062897458942658,2.21990223550554e-16,0.0014698991943132,0.0031520709105882
T[T>C]A,0.0002550452526791,2.23006440649012e-16,0.0152060824329732,0.017996400719856,0.0020799159713947,2.20990267588615e-05,0.001059927310185,0.001801183377479
T[T>C]C,0.0033906015944408,4.35012563597848e-05,0.0089935974389755,0.0097080583883223,0.0026398933483087,2.48989034522919e-05,0.0010999245671731,0.0061840629293445
T[T>C]G,0.0004160738239785,0.0001170033791745,0.0069327731092437,0.0126974605078984,2.21991031562325e-16,9.97956050015555e-05,0.0012099170238905,0.0032621432281008
T[T>C]T,0.0043307684082386,3.5801033969662e-05,0.01390556222489,0.018496300739852,0.0045698153794586,0.0005309766157898,0.0009999314247028,0.0033722155456134
A[T>G]A,0.0001720305233757,0.0002380068738765,0.0039515806322529,0.0038592281543691,0.0016399337466766,6.13972960630813e-05,0.001409903308831,0.0007214740084235
A[T>G]C,0.0002070367345278,7.46021545848263e-05,0.0026010404161664,0.0025994801039792,0.0006679730138902,2.21990223550554e-16,0.0044796927826689,0.0008585640765983
A[T>G]G,0.0002680475596785,2.05005920775997e-06,0.0063025210084033,0.0079384123175365,0.004769807299785,8.24963668600033e-05,0.0009899321104558,0.0019913082895462
A[T>G]T,0.0001120198756865,3.76010859569634e-06,0.0039715886354541,0.0048290341931613,0.0007399701052077,0.0003199859078206,0.0690952614469697,0.0018412096747563
C[T>G]A,3.55062998827881e-05,0.0001530044189206,0.0043717486994797,0.0025894821035792,0.0012199507139911,4.13981768242926e-05,0.0020498594206409,0.0001110729749445
C[T>G]C,0.0002120376218352,0.0001550044766842,0.0070428171268507,0.0046090781843631,0.0019499212231825,2.8198758126692e-06,0.0313978467356708,0.0019913082895462
C[T>G]G,0.0001280227150703,0.0001210034947019,0.0107042817126851,0.0061287742451509,0.0046998101276708,2.21990223550554e-16,0.0136990605184296,0.002931926275563
C[T>G]T,0.0001710303459142,0.0002030058630123,0.0070328131252501,0.0072985402919416,0.0005739768113368,5.54975558876386e-05,0.549962283586591,0.0041427217682017
G[T>G]A,2.23039573911599e-16,0.0002090060363033,0.0044217687074829,0.0025194961007798,0.001309947078138,8.76961378620884e-05,0.0002809807303415,0.0008705719657815
G[T>G]C,2.23039573911599e-16,0.0001330038412839,0.0023409363745498,0.0017096580683863,0.0006559734986706,2.21990223550554e-16,0.006249571404393,3.70243249815129e-05
G[T>G]G,0.0003480617565974,3.71010715160463e-05,0.0109043617446979,0.0052989402119576,0.0039698396184794,0.0004259812397861,0.0014798985085602,0.0058338328281681
G[T>G]T,1.460259093771e-05,2.23006440649012e-16,0.0058323329331732,0.0023495300939812,0.0012899478861054,2.88987273000496e-06,0.11399218241613,0.0021414069043361
T[T>G]A,2.23039573911599e-16,1.670048232663e-05,0.0072529011604641,0.0052189562087582,2.21991031562325e-16,0.0001839918969968,1.21991633813753e-05,0.0006964575726252
T[T>G]C,5.5109778127933e-05,7.0402033281123e-05,0.006282513005202,0.0065586882623475,0.0011399539458605,2.21990223550554e-16,0.0087493999661502,0.0021013806070588
T[T>G]G,0.0005831034600469,9.54027553269763e-05,0.0080532212885154,0.0069386122775444,0.0030898751690431,3.66983838031772e-05,0.0047796722100798,0.0014509532763025
T[T>G]T,2.23039573911599e-16,2.23006440649012e-16,0.0105042016806723,0.013497300539892,0.0009959597632255,1.88991676806553e-05,0.121991633813753,0.0051633923487731
