SP117956,SP117402,SP117378,SP117244,SP117079,SP117312,SP117108,SP117370,SP117850,SP117593,SP117785,SP124193,SP116347,SP5279,SP2731,SP2149,SP117113,SP116947,SP117162,SP117344,SP118074,SP117552,SP117354,SP117629,SP117614,SP117409,SP117840,SP117363,SP117887,SP116946,SP117901,SP117454,SP117919,SP117126,SP117257,SP116963,SP117944,SP117834,SP124207,SP117724,SP2357,SP2144,SP2147,SP2146,SP2150,SP2154,SP2160,SP116351,SP116343,SP116333,SP116373,SP116363,SP116353,SP116345,SP116335,SP116355,SP116357,SP116359,SP116369,SP116377,SP5052,SP7785,SP2799,SP9979,SP5393,SP7421,SP4875,SP4820,SP11235,SP10635,SP10084,SP9251,SP3016,SP2826,SP5784,SP12049,SP8891,SP5808,SP6429,SP8229,SP8660,SP2881,SP7378,SP9816,SP4265,SP2793,SP4523,SP10470,SP9648,SP4535,SP11808,SP11948,SP96147,SP4472,SP96511,SP5636,SP5473,SP6115,SP2997,SP8831,SP6223,SP8987,SP5980,SP2766,SP117975,SP117245,SP117136,SP117369,SP117598,SP118038,SP118073,SP117933,SP117812,SP116991,SP124195,SP117127,SP116948,SP117372,SP118077,SP124197,SP117250,SP117983,SP117676,SP117011,SP117057,SP117728,SP117618,SP117078,SP117639,SP117105,SP117882,SP117778,SP117032,SP117710,SP117538,SP117800,SP2293,SP2145,SP2148,SP2152,SP2349,SP2155,SP2158,SP2156,SP2153,SP2151,SP116341,SP116331,SP116371,SP116361,SP116375,SP116367,SP116339,SP116349,SP116379,SP7692,SP3415,SP11292,SP13036,SP8795,SP4593,SP8085,SP6730,SP5381,SP11045,SP11171,SP8564,SP5844,SP6519,SP6766,SP5448,SP2714,SP2801,SP9481,SP5017,SP8157,SP11878,SP9433,SP6825,SP9930,SP5820,SP96163,SP4557,SP10150,SP6813,SP5559,SP3631,SP8394,SP7291,SP7171,SP10563,SP12186,SP10944,SP6673,SP118012,SP124199,SP116365,SP2159
20,25,18,13,17,22,36,21,15,13,39,15,52,103,43,212,34,29,49,86,99,22,44,88,89,146,15,108,174,41,87,11,170,27,16,18,143,83,152,39,236,99,274,90,55,226,34,79,97,89,144,118,199,46,130,201,115,147,192,165,465,161,36,22,61,215,225,131,75,29,226,93,137,48,147,360,126,250,140,47,151,189,83,131,93,309,72,226,243,25,54,161,55,119,198,49,68,27,62,308,165,182,195,163,28,26,17,52,20,104,28,10,18,33,28,25,34,33,22,281,24,44,14,23,31,18,23,88,59,38,19,40,19,21,193,79,50,113,82,43,90,171,70,59,170,14,172,110,57,79,136,164,82,30,106,182,114,92,200,73,26,105,50,10,21,137,85,52,19,14,62,189,76,28,46,59,106,27,203,162,72,130,113,35,55,95,58,30,51,55,52,60,100,389,21,32,78,14
13,23,19,9,12,13,16,18,6,8,24,6,20,49,18,175,22,16,43,98,73,11,32,66,107,91,11,79,136,18,81,7,127,19,13,10,135,62,95,16,177,75,191,78,22,174,13,21,77,48,150,107,104,40,122,177,82,140,158,64,413,181,23,11,43,149,207,86,38,24,229,81,92,31,123,341,115,210,109,25,115,146,28,97,67,249,41,209,232,16,37,150,37,77,168,23,52,22,40,221,147,97,175,138,16,25,12,23,26,65,18,6,12,11,15,15,34,24,14,272,18,24,14,16,21,13,18,46,37,25,12,21,18,16,168,68,30,106,54,18,46,164,39,57,96,10,152,36,44,76,73,116,47,28,56,77,92,73,88,66,19,46,22,19,17,116,41,31,12,13,62,146,36,13,25,38,100,27,119,126,28,104,61,21,33,73,25,25,34,21,31,28,86,324,13,27,65,20
5,6,4,2,1,1,2,2,0,2,9,3,3,14,4,21,6,1,6,13,10,1,6,9,6,16,2,7,14,5,7,1,15,0,0,4,14,6,14,5,25,13,24,10,3,21,3,10,8,6,11,16,15,5,9,24,6,11,20,20,44,24,3,2,9,10,27,6,6,1,24,12,14,6,14,44,8,21,6,4,16,17,4,13,7,34,4,19,23,2,4,16,8,11,23,8,13,3,3,27,19,17,20,21,3,2,2,5,3,10,0,1,2,2,3,2,5,2,6,30,4,4,6,3,4,2,2,8,6,5,1,6,5,4,21,7,8,4,9,2,6,14,4,5,16,1,18,6,9,6,9,7,8,4,7,15,9,6,12,8,8,6,4,2,4,18,5,7,6,3,10,18,6,2,6,3,12,4,13,10,6,23,7,4,10,12,14,5,5,5,5,7,10,35,4,2,5,5
17,13,8,11,5,9,26,10,7,8,19,9,20,42,16,166,20,4,39,91,56,3,29,66,93,88,12,90,134,30,64,4,119,12,12,12,113,58,96,14,163,60,171,67,15,146,13,23,54,37,97,65,89,23,86,157,56,113,123,79,399,149,14,6,22,104,155,88,26,25,200,32,51,33,122,291,114,157,74,30,88,156,35,82,63,215,24,166,179,17,32,122,22,72,158,19,41,14,35,156,130,103,172,138,15,14,10,12,18,89,11,2,7,18,12,12,29,16,20,190,16,29,8,4,15,16,6,49,24,19,11,22,13,7,139,49,19,81,39,22,38,133,43,39,83,13,144,47,33,72,61,81,41,19,39,91,64,54,79,44,8,33,27,9,10,114,32,29,10,13,28,90,43,13,20,38,66,24,97,79,37,86,49,15,35,51,15,21,22,24,22,36,67,312,14,17,41,7
14,19,17,17,5,8,52,22,5,6,21,13,52,108,37,206,52,10,47,72,118,10,68,105,91,156,15,106,136,43,66,7,180,21,15,26,114,105,180,38,228,84,244,81,50,223,32,51,121,59,143,135,221,46,116,207,125,120,238,177,472,144,37,9,53,173,186,137,90,26,155,88,101,49,160,333,125,237,124,51,194,218,89,106,113,313,63,203,207,27,84,157,45,138,243,63,71,45,67,339,138,208,156,158,26,18,28,32,23,109,30,9,6,33,20,23,37,27,30,238,25,46,6,17,45,29,13,104,62,33,29,30,18,15,220,69,37,100,77,52,73,145,69,50,166,8,138,123,75,63,140,192,84,36,128,216,135,88,192,97,23,113,69,8,10,125,99,48,7,14,59,204,80,41,57,58,112,23,217,150,61,115,165,24,30,65,40,15,54,55,45,77,110,317,26,28,76,22
12,10,6,4,6,8,20,12,3,7,22,5,14,38,13,194,12,14,38,94,71,12,34,100,103,127,11,79,152,21,86,9,153,12,7,7,114,78,111,9,200,97,214,87,20,193,18,25,92,59,176,112,112,18,108,184,140,137,214,122,455,153,16,11,45,198,202,111,36,17,172,91,145,41,124,354,128,209,140,20,127,178,46,136,76,281,27,211,222,14,31,159,30,117,248,29,52,24,45,328,159,197,199,175,9,13,12,21,20,72,22,6,11,23,15,16,26,13,17,223,15,45,7,16,15,14,8,48,22,22,13,17,13,10,171,46,35,105,82,19,34,155,60,52,126,9,171,37,56,60,67,138,62,20,43,81,125,86,79,65,18,44,26,16,6,119,30,17,8,8,66,211,31,11,16,54,92,25,130,166,27,151,49,15,22,65,28,16,11,20,17,35,118,358,6,23,69,14
6,11,6,5,1,8,12,4,2,5,8,5,11,15,12,19,5,1,10,9,30,8,17,21,13,15,5,17,18,11,10,2,12,3,2,1,19,14,24,10,32,15,29,15,10,37,7,17,28,15,18,13,35,8,23,22,17,19,17,34,49,27,12,2,12,23,18,25,10,12,26,11,26,5,27,38,22,39,19,17,24,29,15,15,11,60,13,23,40,9,13,24,11,25,27,13,10,7,6,45,24,25,21,20,9,8,6,0,5,14,5,7,5,8,6,6,16,3,9,29,7,13,8,0,8,7,1,21,13,13,7,14,3,6,28,12,0,16,8,10,19,20,18,9,28,0,21,23,11,6,33,24,20,9,24,37,16,9,42,11,7,27,16,4,0,19,17,14,7,4,6,21,19,8,16,7,24,12,40,18,4,20,27,12,16,17,8,6,7,8,16,20,17,51,7,8,17,5
9,9,9,11,8,7,32,27,5,6,17,8,24,59,18,147,21,14,35,66,91,14,41,69,82,91,7,93,110,25,75,3,104,20,11,8,86,55,112,18,149,69,204,51,23,151,26,35,66,51,100,90,117,28,78,137,78,115,130,105,321,127,29,7,43,126,156,75,44,10,142,58,82,30,111,270,90,181,104,27,118,128,43,84,83,247,45,146,156,16,49,120,41,83,164,40,41,19,35,212,110,113,127,117,23,16,21,19,14,58,18,4,9,23,18,16,29,16,19,184,17,30,5,12,24,17,10,60,23,22,13,18,7,13,133,45,11,58,42,29,61,127,57,35,121,3,106,60,34,51,96,120,67,18,72,101,74,61,100,57,12,67,32,9,9,102,56,35,2,6,37,125,40,14,27,61,69,9,131,80,35,85,74,15,18,47,23,13,38,26,22,50,80,256,20,19,59,14
17,14,14,28,14,17,85,51,15,9,25,17,56,140,69,112,61,15,32,50,137,22,105,48,44,142,16,124,93,66,45,7,86,28,28,35,69,87,214,39,144,40,204,49,62,158,46,98,117,64,67,65,224,56,112,129,51,76,158,168,232,98,72,15,54,79,102,60,115,37,125,29,60,46,131,171,64,171,63,81,123,180,106,65,72,239,98,129,125,38,72,65,67,116,85,93,31,23,51,230,72,120,92,77,38,43,36,26,21,108,38,10,13,49,50,52,59,26,43,147,23,46,21,17,57,39,32,145,93,70,46,47,19,17,156,78,25,59,51,60,138,97,92,32,165,10,69,176,70,65,202,168,125,42,167,307,39,47,316,106,31,143,91,31,19,69,130,84,20,17,40,66,111,32,75,61,61,25,240,65,87,65,189,16,36,68,40,24,81,66,58,118,68,186,35,45,33,14
3,15,16,6,7,7,20,13,11,4,20,8,19,38,15,124,13,12,23,48,44,5,24,50,51,81,13,57,79,18,47,6,88,8,7,10,87,54,56,26,130,49,134,57,22,119,23,22,45,32,92,86,67,22,76,122,69,85,101,86,260,124,18,10,24,96,112,69,45,8,142,37,61,24,92,208,74,134,66,25,80,105,25,66,49,175,22,112,131,15,27,100,23,58,124,21,38,10,28,176,105,94,112,84,17,12,12,12,17,47,17,7,14,15,12,12,24,17,17,158,15,23,16,9,21,14,8,47,24,21,11,25,4,17,109,49,6,52,50,15,42,118,36,28,96,10,86,55,37,48,64,72,40,22,39,78,56,55,69,51,13,34,26,11,9,68,32,27,17,8,39,87,36,15,23,31,53,11,63,77,21,59,51,13,26,47,31,14,24,30,22,29,70,209,11,16,46,13
5,3,4,5,1,3,6,5,1,2,2,8,7,21,4,23,7,5,6,8,19,2,10,5,10,23,4,18,10,8,8,4,15,4,3,3,14,15,15,6,20,9,26,8,9,25,6,5,15,9,12,7,24,7,11,12,16,7,24,22,37,25,6,5,6,23,8,7,15,5,17,6,12,4,12,28,12,18,15,9,11,16,12,14,10,30,7,18,19,3,12,13,3,14,22,12,7,6,6,28,13,12,17,16,4,5,7,4,2,10,2,3,4,7,4,5,9,5,9,15,9,5,2,1,7,8,2,11,15,7,6,5,9,4,15,11,8,14,9,5,16,10,10,11,27,3,14,22,5,13,31,10,11,2,12,24,12,8,33,7,3,11,7,3,1,9,8,8,6,6,5,21,13,3,10,5,5,4,28,16,12,12,19,3,9,13,6,7,12,7,9,14,9,39,4,8,10,2
8,17,10,19,6,6,35,28,6,13,12,8,39,78,42,111,40,15,31,42,91,21,48,41,64,95,9,98,85,33,59,3,93,11,12,14,84,82,133,26,132,42,156,43,34,121,22,57,67,45,73,81,146,40,83,123,48,72,120,116,220,101,29,10,28,83,113,64,75,17,131,41,72,31,97,199,51,134,71,42,97,136,71,62,51,216,40,87,139,18,55,88,47,74,123,46,37,24,39,184,99,120,99,96,42,20,12,4,12,71,32,7,5,32,23,34,30,16,24,131,12,47,10,2,39,36,25,108,45,46,33,26,8,13,114,45,5,58,33,40,76,90,52,32,113,7,87,100,45,50,117,97,77,18,103,189,68,51,175,46,19,89,54,23,14,82,74,29,10,9,33,89,72,27,42,40,60,15,163,86,46,58,106,14,34,54,15,19,59,37,31,81,49,192,19,20,37,8
10,101,11,51,68,37,47,28,31,12,94,25,43,199,68,102,49,17,38,72,140,20,81,88,88,144,14,117,107,46,129,18,147,32,29,19,172,90,142,38,178,89,206,93,52,202,36,80,113,92,85,101,187,51,96,222,93,189,181,198,328,172,46,19,57,197,116,59,96,18,184,53,113,48,156,262,153,204,100,62,158,170,93,125,74,294,96,198,149,30,54,138,69,151,222,72,80,28,53,290,142,198,188,121,20,49,21,1945,10,332,27,5,9,34,23,33,40,500,37,758,254,81,6,1051,58,29,15,139,63,68,49,22,21,6,191,66,2547,103,150,45,135,171,75,88,228,38,178,128,83,402,162,121,114,28,104,739,175,127,206,103,17,136,81,23,112,74,100,41,15,18,122,243,82,29,55,75,181,614,358,431,78,178,154,217,308,690,1370,62,72,62,82,342,275,571,21,25,129,207
11,40,16,28,33,26,24,23,11,10,55,19,32,107,35,150,36,26,35,68,102,11,46,97,84,135,14,74,109,35,97,14,138,29,15,15,122,76,148,27,181,106,194,86,50,158,30,41,101,55,165,115,142,40,86,170,104,152,190,156,329,149,35,17,48,180,133,90,72,25,135,74,113,39,95,283,135,200,117,37,140,152,63,99,74,260,57,165,182,20,53,118,44,104,215,36,60,29,42,287,137,210,179,112,25,30,15,691,16,144,25,6,6,35,23,20,32,191,22,401,98,60,13,385,18,24,9,105,46,58,30,34,20,18,155,55,956,81,113,41,77,135,66,57,160,14,155,74,49,201,103,136,78,36,91,326,151,65,147,100,17,80,64,8,46,95,72,42,10,14,83,188,63,24,48,59,146,236,216,241,59,152,103,121,129,288,555,42,41,44,46,152,160,392,19,35,106,95
4,15,2,10,8,13,9,0,1,4,13,12,10,32,16,12,7,5,3,9,22,5,15,19,16,22,2,12,9,8,11,3,25,6,7,6,27,18,36,7,21,13,39,13,11,26,9,20,25,14,17,12,35,3,11,32,20,35,41,29,38,26,11,6,13,48,21,8,10,3,22,10,21,6,21,36,23,22,19,10,35,16,10,16,7,51,14,24,29,7,9,17,9,26,37,11,18,10,7,62,14,29,27,22,5,12,5,291,4,46,8,4,7,7,5,8,8,76,14,100,44,22,3,163,12,8,4,18,12,15,8,5,4,2,27,10,408,15,32,6,28,20,17,12,42,1,26,25,15,77,29,14,24,7,28,108,40,13,38,19,7,16,18,4,18,9,25,14,8,4,22,40,15,9,9,14,32,103,60,61,13,31,23,37,45,101,221,14,12,14,17,44,34,81,7,12,19,43
23,57,19,42,35,32,81,39,21,13,80,29,76,213,66,140,80,35,51,80,209,25,100,89,75,179,23,138,113,79,103,20,118,45,30,26,136,112,238,63,187,68,232,83,62,213,49,106,137,79,83,105,280,70,118,220,79,135,230,220,346,150,67,20,59,145,132,66,147,40,183,56,92,42,153,261,108,230,101,82,177,244,153,117,86,344,110,138,155,36,81,126,99,156,177,106,70,44,54,349,145,178,149,120,54,57,47,873,18,218,49,16,17,54,38,45,79,212,50,462,127,85,8,465,82,45,38,176,107,81,54,60,29,22,210,89,1174,92,97,77,188,147,108,73,258,31,141,198,89,216,262,157,138,62,204,539,127,88,376,122,51,151,109,34,66,92,173,76,35,16,87,181,125,54,100,89,131,294,344,262,114,130,254,124,162,390,596,40,97,91,84,257,159,396,33,46,88,124
21,16,16,6,10,11,15,7,10,11,32,21,9,51,11,139,20,20,15,57,63,8,19,74,73,91,16,22,84,17,58,13,109,11,15,17,96,59,76,19,124,66,129,67,19,121,17,20,56,50,149,72,89,20,63,100,100,72,175,101,222,105,10,12,48,171,93,108,28,16,51,87,112,36,51,199,77,148,143,19,119,103,21,93,41,155,31,130,129,13,38,107,15,88,214,25,68,22,40,238,83,131,131,91,16,14,10,93,20,36,16,7,12,16,18,10,18,37,17,154,32,32,12,47,15,11,11,29,29,21,4,21,23,15,85,25,127,76,83,8,29,102,60,55,96,15,93,25,42,54,45,85,40,28,26,63,124,53,55,50,16,35,38,6,20,69,33,26,16,12,59,179,23,13,14,49,90,45,102,140,27,103,27,34,52,101,93,22,14,22,26,37,96,184,19,21,74,19
7,11,10,10,4,7,9,5,11,2,10,3,10,24,6,87,7,15,11,27,35,3,6,39,38,55,11,20,43,11,39,11,50,6,1,4,38,36,47,5,72,41,88,27,15,80,7,16,38,46,76,54,44,11,40,52,81,56,98,59,131,71,8,4,27,86,56,58,15,8,36,45,67,18,36,103,44,78,55,17,61,54,13,54,25,97,21,95,87,5,20,69,12,45,100,8,38,11,18,146,47,77,63,44,9,9,3,40,11,17,10,5,13,3,7,4,11,10,7,74,10,16,11,20,11,13,5,24,18,7,4,7,13,12,65,16,31,35,33,9,11,47,32,18,58,4,54,11,30,17,29,61,20,4,19,38,73,45,32,25,9,19,22,11,6,49,19,8,12,13,34,109,10,10,14,22,52,21,72,82,19,60,24,11,22,60,37,20,15,16,14,20,58,109,7,14,54,21
2,2,5,0,2,4,5,0,3,1,3,4,6,8,4,7,2,3,4,3,5,1,2,3,4,9,3,6,5,3,3,4,3,3,3,5,8,5,5,5,2,2,10,2,2,5,0,5,7,1,4,0,7,2,6,12,2,8,5,12,10,6,1,3,5,6,8,3,3,2,9,4,3,6,4,8,5,7,9,4,3,9,5,4,4,9,5,4,6,0,2,9,3,9,9,4,2,3,3,11,4,2,3,7,3,3,0,7,2,5,2,1,5,3,2,3,5,3,0,5,0,2,0,5,4,3,2,5,5,6,1,6,0,2,5,6,10,5,4,2,6,7,4,5,8,0,5,5,6,2,11,1,6,8,5,13,5,2,11,4,6,0,2,1,2,6,12,3,6,2,8,3,3,3,8,2,6,8,13,6,4,8,7,4,7,10,8,4,8,4,4,3,8,11,2,7,2,4
9,16,11,10,11,16,11,7,9,16,27,18,13,51,9,136,10,25,22,56,61,6,19,58,64,82,19,25,87,30,54,11,111,18,12,12,71,46,78,17,118,80,111,54,16,114,12,26,61,47,125,89,108,11,62,103,114,97,161,78,192,101,17,14,41,126,83,98,19,19,62,75,105,24,77,196,67,127,103,20,97,93,18,80,49,163,21,126,144,15,31,88,18,80,193,10,65,11,34,256,78,133,124,88,8,14,13,85,14,40,6,13,13,11,12,8,19,41,19,139,24,33,17,52,16,16,10,43,32,24,10,17,17,22,102,23,118,65,57,14,22,98,44,55,111,11,107,34,43,41,47,118,39,20,38,75,111,46,59,44,20,36,23,5,15,59,34,22,17,17,59,141,37,6,23,35,86,48,110,133,25,121,29,34,60,92,92,19,20,37,25,40,93,184,19,18,70,32
14,11,14,8,8,8,2,12,7,10,21,9,12,25,8,119,5,16,16,46,36,5,18,72,53,89,13,24,100,10,41,6,105,11,6,4,58,50,86,17,103,83,125,49,16,129,11,22,56,37,147,65,64,12,78,75,117,85,146,89,214,108,13,8,18,157,94,100,18,9,53,65,110,25,61,188,75,116,106,14,117,73,20,81,42,156,15,135,141,10,31,110,12,74,223,12,58,19,31,233,71,148,125,81,5,7,7,135,24,27,4,8,6,8,13,8,10,41,2,139,32,18,9,70,7,12,4,23,18,8,5,22,13,13,106,17,156,53,67,15,17,83,47,37,107,8,111,22,26,37,30,91,22,16,17,71,106,59,36,44,10,32,19,6,20,49,22,20,10,7,50,174,12,12,15,47,85,54,81,146,26,136,20,33,51,81,120,15,10,15,17,24,100,183,12,18,76,32
17,14,19,7,10,8,11,7,11,8,12,14,13,33,8,116,11,18,17,36,51,3,20,47,40,69,6,23,64,15,39,6,67,9,6,16,66,32,62,16,91,58,98,49,25,86,13,15,70,42,105,70,78,20,57,83,97,62,116,73,163,84,11,6,27,146,67,82,14,11,44,59,96,21,49,163,63,100,93,17,85,80,12,66,47,137,21,93,89,11,25,75,27,61,146,14,47,17,36,172,77,101,94,68,14,15,6,33,24,29,7,3,7,14,8,7,21,21,14,97,23,25,11,19,11,11,12,30,25,15,11,19,24,17,83,23,21,54,64,18,28,78,38,26,98,11,76,14,32,24,50,83,38,14,30,53,92,41,46,37,17,22,29,8,12,58,24,30,13,15,42,124,24,11,18,21,93,32,72,103,23,90,37,13,45,70,36,16,11,9,16,19,73,167,16,17,54,21
4,7,3,1,6,5,3,5,1,2,9,5,3,18,3,22,3,7,4,8,16,2,6,10,6,11,5,9,7,3,9,1,11,4,1,3,13,17,14,8,10,6,12,8,3,26,5,11,8,12,16,12,24,7,7,14,5,12,24,20,31,12,8,4,8,18,9,11,8,6,15,12,14,7,9,14,9,10,15,6,11,18,5,6,9,21,13,13,17,3,9,15,2,11,17,12,9,5,7,28,6,17,12,8,8,7,1,20,3,8,7,2,3,3,4,2,3,9,5,17,6,7,3,7,2,5,3,14,9,5,6,5,1,2,14,6,24,11,14,3,9,11,7,4,14,4,10,14,7,5,19,12,8,2,9,29,11,5,20,6,2,8,6,1,5,5,9,5,2,6,16,21,7,6,10,8,10,8,12,14,8,16,4,8,14,23,12,6,6,8,4,10,15,21,3,8,10,8
9,25,13,14,13,22,18,11,11,17,25,8,15,45,17,154,12,37,20,43,58,8,14,76,86,103,13,33,96,21,70,12,115,12,8,11,66,70,81,13,125,91,184,56,17,153,16,17,88,55,141,84,97,14,85,115,115,87,194,109,279,100,22,6,31,189,102,130,31,16,47,82,113,32,67,220,73,176,137,20,151,98,25,89,60,202,28,156,158,13,28,121,15,84,249,19,69,24,43,290,92,181,145,96,21,8,6,163,18,57,13,5,5,11,13,5,20,38,19,187,30,34,13,83,14,14,14,45,31,16,8,28,12,21,129,21,214,59,84,16,28,100,57,57,136,12,104,32,40,62,35,132,44,23,26,97,111,62,50,53,12,27,29,8,20,83,29,24,11,11,68,170,22,12,31,51,122,59,120,174,17,147,37,34,54,119,118,33,21,26,21,49,116,217,6,13,88,29
7,13,9,6,4,7,6,3,7,2,10,5,5,16,7,90,5,9,14,35,32,6,3,59,43,52,7,19,46,6,38,9,60,7,6,5,40,31,54,14,68,49,86,34,11,75,7,11,37,35,98,47,45,13,42,61,68,44,112,53,122,58,5,3,24,113,44,59,12,6,23,44,67,15,41,114,51,84,77,8,71,50,12,51,25,110,8,83,87,7,11,67,10,50,117,8,24,14,29,156,54,101,68,47,6,4,7,51,12,14,7,7,5,7,5,5,9,13,6,75,6,10,8,21,5,5,1,19,15,13,8,5,11,4,80,13,48,28,49,8,16,71,32,20,68,4,63,14,22,22,19,56,19,8,8,24,66,34,25,36,7,20,12,3,4,45,11,10,13,10,24,99,13,6,14,18,52,22,63,86,11,84,13,16,16,48,33,9,4,7,11,12,61,109,4,13,49,12
5,7,4,3,5,2,4,4,6,4,10,3,5,21,5,74,6,9,9,17,23,2,15,31,24,52,8,11,43,9,20,4,48,5,4,9,27,27,32,10,64,42,59,23,11,54,10,11,41,23,57,40,40,9,42,47,25,41,73,45,90,47,12,7,24,65,41,69,16,11,31,24,42,19,29,89,41,55,48,11,58,50,10,37,22,83,12,63,67,9,10,42,17,43,93,14,29,11,17,104,42,72,58,37,6,9,14,14,6,13,5,2,15,11,10,6,7,14,9,55,11,13,8,9,7,10,8,20,14,7,4,9,11,5,70,9,34,36,24,13,12,34,25,23,51,3,61,12,14,18,26,66,18,9,11,30,42,29,21,23,11,12,14,7,6,31,13,12,5,13,27,80,10,5,15,28,45,19,44,57,15,50,21,5,18,41,18,14,5,11,9,9,44,82,5,15,31,12
2,2,2,1,2,1,0,5,8,2,6,2,4,6,3,22,1,3,4,9,8,0,2,9,6,13,2,3,12,5,15,0,9,4,1,1,9,5,12,4,17,9,20,7,4,19,7,3,8,5,22,7,11,7,11,12,7,9,23,17,30,13,5,2,5,17,10,13,5,3,6,11,12,5,7,20,9,18,9,2,15,12,4,14,8,22,6,14,21,2,1,12,4,9,28,3,9,5,6,33,19,22,14,18,1,4,1,7,1,3,0,2,2,0,0,0,4,0,0,19,1,4,1,4,4,0,2,5,7,4,1,1,2,3,11,4,5,9,8,3,1,10,9,13,8,3,20,3,7,8,8,14,2,4,9,7,10,7,11,10,3,4,5,0,2,12,4,6,3,1,7,17,5,4,3,8,9,4,9,14,4,20,4,3,11,13,15,6,6,1,3,6,14,27,2,4,4,3
13,11,7,6,5,11,9,4,7,8,20,9,14,25,7,117,6,15,9,31,41,6,18,60,45,67,9,29,62,14,41,8,98,8,8,7,62,36,66,15,83,59,111,42,16,94,10,7,41,30,116,58,68,13,60,87,80,60,99,59,177,98,9,5,36,127,82,87,19,5,39,53,101,22,34,153,65,98,94,15,92,67,19,62,36,119,24,102,97,8,22,83,17,71,142,16,29,14,24,173,66,112,88,68,10,9,7,72,19,18,8,5,11,17,6,4,14,23,5,116,17,25,9,41,9,7,10,18,19,14,4,11,15,10,73,17,86,42,57,9,18,76,36,35,99,10,75,21,35,32,37,77,26,22,17,51,75,48,35,31,11,23,26,3,16,43,24,16,8,14,41,129,20,8,11,30,71,29,80,90,14,76,17,22,37,59,61,18,9,15,20,10,67,127,11,18,56,16
21,313,15,162,232,145,6,6,69,10,372,103,6,347,108,78,11,44,51,82,169,5,48,200,110,177,34,46,172,24,420,27,268,25,31,8,443,73,123,73,168,255,302,206,43,194,44,46,151,110,249,159,159,29,48,417,243,524,356,267,334,281,11,26,81,464,113,116,95,20,183,157,288,73,156,330,303,230,217,99,299,154,88,256,128,332,79,355,183,17,72,240,47,255,678,60,245,54,44,666,234,455,372,188,12,60,10,7779,13,922,13,17,5,29,7,9,12,1919,47,2510,962,173,11,4097,101,11,7,119,89,116,105,24,51,18,303,103,10076,203,551,44,218,371,131,208,534,152,458,71,151,1499,98,132,65,19,30,2059,694,280,46,178,5,135,87,4,406,98,100,48,37,21,413,784,22,13,36,167,655,2332,896,1681,141,648,80,885,1099,2627,5504,132,30,64,175,1011,979,1475,12,17,383,847
8,54,17,41,42,36,10,11,22,5,76,23,14,104,32,136,10,21,16,50,63,7,22,85,76,115,19,33,104,20,128,9,145,16,15,9,154,68,109,18,113,137,166,67,16,142,19,22,106,70,189,112,125,19,57,135,141,169,191,125,235,132,19,12,53,224,83,112,36,8,53,96,157,49,76,210,109,166,141,25,149,103,37,122,55,186,32,175,171,11,34,121,28,105,279,23,95,34,49,321,107,188,153,91,14,23,9,1554,27,200,8,12,13,19,12,10,22,440,11,582,203,65,15,818,38,8,4,54,42,44,26,16,19,13,140,35,2015,74,154,21,53,133,60,75,173,28,191,33,69,315,49,136,46,15,35,448,209,100,44,76,11,54,24,10,83,77,37,28,17,13,153,310,19,11,26,56,209,518,282,460,45,216,35,203,234,565,1141,40,15,26,50,217,271,420,16,14,155,167
2,15,7,9,9,10,2,4,5,3,21,7,2,16,11,6,2,9,5,4,18,3,2,6,6,11,2,8,9,3,17,4,18,2,0,0,19,6,13,3,15,4,18,17,8,11,6,5,10,16,14,8,13,2,5,11,11,24,13,12,23,15,3,0,6,24,6,6,9,1,13,13,14,4,8,25,14,12,8,6,9,15,5,15,6,20,12,22,10,1,5,13,8,15,31,4,18,1,2,44,16,37,27,14,3,10,3,334,2,42,2,0,1,2,3,4,6,89,3,126,49,9,0,183,10,2,1,7,12,5,5,2,1,5,25,10,440,8,30,3,16,16,5,15,28,7,27,5,10,81,7,8,6,4,5,94,31,12,12,9,7,7,6,1,23,10,16,7,5,3,24,29,4,3,5,10,31,105,38,56,7,35,8,43,45,99,235,10,4,4,7,47,48,81,3,4,9,43
22,382,16,203,267,160,14,19,78,17,420,98,21,437,125,158,21,67,67,111,234,11,62,278,145,260,38,69,211,41,521,35,378,40,21,16,574,117,196,74,258,377,400,237,63,242,81,51,205,174,336,234,212,46,87,502,364,662,483,335,465,323,21,25,111,657,167,181,125,21,214,199,380,104,189,434,430,327,294,109,318,218,92,383,158,455,107,465,261,21,80,342,57,298,775,85,330,85,86,866,311,602,496,251,14,91,12,8903,14,1134,11,10,17,54,17,11,28,2315,38,2872,1123,209,19,4817,135,12,19,138,130,155,83,29,57,18,419,135,11867,234,669,57,269,496,180,250,650,172,626,87,168,1711,129,214,83,21,43,2526,847,341,89,207,14,188,87,8,458,110,126,108,45,36,581,995,41,15,59,200,810,2648,1085,2047,168,742,121,1048,1263,3009,6303,167,36,91,215,1165,1088,1853,11,29,437,963
64,63,64,27,42,33,45,50,52,57,98,55,72,147,49,155,59,75,71,79,157,36,76,86,105,135,43,101,102,69,95,44,141,57,31,44,116,103,160,57,159,78,201,78,73,162,68,69,121,94,135,117,204,61,142,145,109,151,186,153,265,145,60,47,83,254,145,146,86,50,155,105,144,51,112,274,93,194,136,75,138,182,55,125,79,249,76,169,228,32,59,116,79,124,240,78,131,47,76,251,110,159,176,151,79,63,42,174,34,101,39,35,42,55,58,32,81,97,49,199,74,67,36,75,49,54,35,134,109,71,38,76,58,57,163,82,214,79,82,33,97,111,92,110,188,39,192,96,82,110,195,136,89,76,113,169,147,95,172,130,47,73,91,22,52,88,106,123,70,56,116,165,85,43,82,81,162,122,221,142,96,130,74,108,138,265,182,87,75,91,85,96,168,276,53,81,106,93
29,29,19,12,26,15,22,25,19,21,52,34,34,73,18,105,22,32,34,54,90,12,39,69,67,92,23,35,79,35,47,28,102,29,16,11,74,72,89,32,96,68,120,43,44,113,29,37,77,60,106,72,149,29,91,81,69,97,144,101,189,87,30,23,44,127,71,90,43,26,96,55,103,43,62,137,75,113,105,53,100,78,28,68,37,152,47,131,154,29,37,98,53,84,165,29,76,30,26,194,73,108,99,88,31,25,20,47,24,36,27,12,18,28,25,23,34,32,38,100,35,37,27,26,23,26,18,61,55,42,19,47,31,28,103,42,55,57,55,26,42,114,52,62,109,25,95,43,39,36,82,88,41,44,59,81,102,56,100,59,28,36,49,18,26,57,49,60,27,24,70,128,54,22,45,44,95,56,95,112,54,105,40,38,61,112,45,49,39,35,49,47,115,162,23,41,62,29
91,120,81,53,109,147,121,118,127,139,117,115,203,284,97,34,139,127,218,111,396,103,155,113,164,136,96,145,152,160,111,131,166,185,83,107,22,148,174,205,138,86,177,21,166,145,74,158,317,153,184,99,387,155,169,42,112,24,193,274,242,199,103,109,226,248,82,146,154,132,247,144,173,135,188,286,145,221,172,194,128,199,144,118,150,196,129,156,210,161,283,172,160,31,237,128,227,121,146,182,150,200,164,151,197,122,100,5,96,10,155,67,109,146,172,93,144,10,160,38,7,112,86,3,80,123,87,181,287,220,99,136,122,89,38,217,8,15,16,136,260,27,274,159,411,53,23,189,90,13,442,292,150,143,245,59,24,21,56,234,141,151,276,88,14,138,274,426,138,99,229,37,159,168,174,142,278,13,491,31,298,24,159,227,23,55,19,228,136,111,207,266,402,71,101,183,157,192
38,44,46,21,27,22,29,22,33,31,56,37,41,95,42,137,42,40,38,59,105,20,40,75,83,100,24,66,109,45,66,32,133,39,20,14,87,75,109,40,127,79,159,57,54,139,28,36,74,77,91,69,138,48,82,102,97,93,144,99,244,119,45,21,56,173,102,99,62,33,115,74,107,46,96,215,88,152,102,69,97,126,28,83,66,209,50,158,167,34,44,98,44,77,166,50,81,33,30,211,106,115,118,113,36,35,36,60,22,63,38,23,31,30,29,24,43,40,37,125,36,40,36,51,39,39,18,88,71,50,31,58,33,44,132,51,67,70,58,17,70,107,66,64,138,29,122,76,37,55,116,106,65,59,75,119,86,77,121,65,30,51,75,19,21,96,71,62,37,31,110,128,64,32,64,46,110,58,119,108,55,106,45,71,87,149,79,58,39,62,61,55,126,222,31,56,89,43
31,37,25,16,23,31,22,19,27,27,37,29,32,84,27,151,28,40,29,60,86,18,44,81,65,111,30,38,85,50,65,31,117,30,16,22,93,60,115,36,129,64,142,62,55,144,32,44,84,82,131,64,147,37,87,124,96,111,176,119,204,97,31,23,54,189,79,102,48,33,80,59,125,43,78,206,74,142,96,35,104,105,36,87,46,218,40,142,151,19,47,89,52,114,227,48,91,22,42,234,116,147,96,90,32,34,17,132,39,49,23,18,24,25,31,21,50,60,18,130,40,39,40,110,31,30,19,80,60,50,24,41,34,25,127,61,147,77,56,14,76,98,64,58,119,25,123,71,63,57,106,113,50,42,65,130,97,70,150,72,34,45,57,18,29,80,82,40,32,31,79,136,61,27,50,58,115,51,153,153,49,114,60,66,93,147,93,66,38,55,54,54,111,215,28,38,80,44
29,25,23,13,25,32,20,18,16,28,40,29,30,90,40,157,39,38,36,52,78,16,32,89,72,104,27,42,96,33,45,18,114,32,18,29,87,74,105,34,148,81,161,63,54,147,33,34,89,60,138,102,142,34,93,114,123,124,194,131,247,116,38,31,51,209,128,148,42,26,86,85,130,43,91,202,94,171,187,36,131,111,37,100,54,174,53,150,178,17,51,112,53,120,223,34,67,33,53,251,93,163,161,119,29,18,14,43,34,49,20,22,19,33,18,14,34,37,31,146,35,34,23,20,22,35,8,81,62,49,22,47,31,28,135,44,46,83,92,22,61,144,55,79,115,25,141,60,64,39,102,136,55,41,58,84,139,66,106,78,25,43,46,18,18,79,49,48,25,29,83,169,51,34,32,45,124,60,158,157,42,135,57,35,80,136,72,49,34,40,42,47,125,215,22,36,87,32
69,118,59,58,51,88,107,81,93,97,120,69,143,233,86,59,118,103,120,61,247,57,110,73,97,104,76,107,94,119,96,73,107,95,56,87,76,139,151,121,115,90,144,35,130,143,77,117,193,112,106,80,287,107,122,41,79,61,131,196,147,160,99,82,170,185,73,126,114,89,182,107,148,104,138,216,90,159,124,141,97,178,101,98,96,160,100,118,146,115,143,139,106,52,147,100,160,72,90,169,101,142,121,116,123,86,62,127,67,60,107,40,69,98,112,67,101,53,94,86,34,96,53,87,87,75,55,153,201,137,64,87,72,74,51,132,141,27,28,86,156,43,195,117,252,45,78,134,77,49,315,202,90,120,172,136,38,37,144,187,86,107,183,53,17,103,174,280,115,59,190,58,131,126,142,101,225,56,350,52,202,59,118,140,98,152,102,168,99,106,148,184,296,121,75,138,123,142
34,46,40,28,26,15,26,24,28,24,56,37,44,84,41,211,42,38,45,78,98,18,52,120,114,128,42,68,140,51,82,29,155,34,20,23,127,101,126,47,170,121,217,82,50,193,37,45,101,77,159,114,157,40,113,158,136,140,218,122,362,184,52,32,62,249,138,147,59,32,152,101,146,45,123,305,111,177,158,53,172,166,40,120,71,280,59,199,237,37,41,139,41,126,254,41,106,27,54,304,140,181,183,144,33,36,28,77,28,68,26,16,24,28,31,19,51,46,39,185,37,43,38,58,42,31,22,83,65,44,26,50,31,42,181,53,78,113,83,33,58,136,69,77,139,28,203,48,71,83,123,132,62,49,76,115,138,97,123,93,30,56,69,25,35,110,63,59,33,37,88,186,64,37,47,53,149,77,169,202,53,177,59,52,97,169,101,62,52,54,57,69,150,333,33,59,100,46
31,40,29,24,28,30,37,25,25,30,64,24,33,98,30,142,32,43,28,56,95,30,44,84,71,107,33,42,97,44,62,31,120,22,15,25,99,69,108,37,132,88,146,65,47,144,27,35,96,61,126,99,122,40,84,117,97,106,182,104,203,137,36,18,40,190,87,127,50,26,73,81,125,44,77,188,79,169,149,42,126,135,46,79,48,186,52,148,160,26,52,90,47,116,207,48,82,29,42,253,79,170,137,83,29,40,25,196,34,74,23,11,19,34,26,16,42,75,29,159,45,43,19,105,34,35,16,76,58,45,24,47,35,24,137,50,226,59,74,29,56,107,61,77,143,23,121,67,62,69,78,119,56,58,59,168,117,65,107,70,41,52,67,15,28,79,58,59,37,30,78,193,49,28,41,57,112,98,147,176,46,143,47,70,104,194,150,72,26,53,63,67,174,205,27,38,77,46
37,28,29,15,14,24,26,23,23,30,66,26,30,89,39,120,26,42,39,54,77,12,40,57,65,116,22,43,89,41,53,26,100,35,17,19,61,68,113,31,121,53,147,53,61,129,28,41,86,59,107,74,143,33,78,82,94,101,142,94,192,109,33,24,53,169,84,104,42,26,79,82,100,40,78,161,65,129,114,43,138,109,39,72,40,169,43,121,146,26,31,94,45,99,161,45,84,26,37,223,81,131,120,92,41,33,30,21,29,50,27,21,36,32,23,19,49,46,22,100,38,32,35,10,30,29,21,82,56,52,27,41,37,43,112,42,36,69,56,20,63,77,58,51,137,27,100,75,51,42,114,96,43,43,63,75,98,70,117,70,36,55,62,16,30,79,62,59,30,40,60,131,45,35,50,56,95,45,122,105,55,112,50,43,99,145,33,47,42,45,46,41,102,169,27,48,66,37
61,96,46,60,59,90,96,90,73,97,115,67,124,186,76,42,84,100,119,84,258,76,132,59,97,96,88,109,102,116,80,88,95,106,58,71,36,135,142,123,98,50,132,20,115,119,64,136,171,104,88,77,307,104,135,49,79,35,114,239,155,129,92,70,150,179,81,106,111,82,164,92,146,98,137,167,80,155,123,148,120,136,82,84,109,129,122,111,158,110,153,109,111,42,145,112,141,65,89,138,102,112,102,109,127,85,67,8,79,31,89,63,75,102,111,77,108,19,114,41,19,101,69,3,58,72,66,137,202,150,55,96,80,79,37,141,7,28,16,88,193,29,179,102,280,46,46,146,84,23,289,174,116,94,193,84,17,21,110,194,80,136,204,62,12,85,189,258,91,82,147,23,128,110,140,100,203,36,347,23,219,38,114,148,39,80,22,158,86,108,163,212,247,56,66,136,104,112
24,33,33,22,19,28,13,21,24,19,54,21,35,69,23,123,28,31,34,40,67,21,33,58,53,82,16,36,78,56,50,16,73,22,13,14,75,60,90,38,79,66,126,57,45,107,20,43,68,50,87,58,114,26,63,92,73,94,115,103,180,88,35,25,46,128,87,93,47,19,82,49,82,37,61,199,79,109,109,49,101,84,25,61,49,163,52,117,122,21,27,91,46,81,149,26,65,32,46,156,64,108,100,88,32,22,13,34,30,38,26,15,17,41,20,22,32,34,31,111,37,22,29,15,32,34,18,58,50,35,20,48,18,32,128,56,50,64,55,24,47,85,51,46,100,24,99,49,45,47,87,86,46,44,66,84,83,57,102,51,24,36,50,11,15,60,54,42,31,29,54,107,58,26,41,37,98,50,128,108,41,95,46,26,69,134,58,46,31,48,39,38,94,172,22,38,72,32
57,424,34,371,629,113,33,96,210,41,247,410,41,884,243,70,26,89,120,103,184,15,115,200,111,231,68,160,219,88,684,49,360,71,141,63,487,145,225,100,497,235,388,224,121,240,94,120,243,116,157,142,346,111,62,250,197,459,315,273,356,296,31,62,136,505,107,107,115,75,262,152,275,111,311,361,717,377,152,124,203,273,122,197,128,242,136,233,224,71,134,245,103,211,439,89,228,82,92,618,268,433,240,136,106,195,41,16554,51,1496,52,33,30,167,80,38,168,2640,113,3595,2016,291,127,11759,344,28,32,338,764,240,155,42,51,336,344,224,17489,348,650,96,501,354,422,234,571,154,386,134,272,1434,193,159,90,45,71,5013,343,207,1721,173,122,227,177,12,714,91,274,134,62,43,630,546,228,20,93,117,541,2410,1720,1818,220,498,177,1261,2323,3025,6820,439,87,335,777,1613,2001,2233,113,305,277,1483
37,120,34,83,145,40,26,45,57,29,116,116,36,259,72,123,29,61,52,39,103,27,52,133,76,124,43,65,92,48,179,40,166,39,44,32,145,95,124,49,183,126,191,90,53,165,53,54,100,63,128,104,187,48,97,134,111,185,165,149,215,165,41,26,75,243,99,123,72,44,109,86,128,53,138,198,211,193,141,66,137,121,45,92,67,187,75,136,178,42,47,132,72,128,273,41,133,38,52,339,111,182,146,88,44,53,22,3086,27,355,29,26,21,78,43,28,74,544,40,777,430,93,57,2124,92,30,32,144,183,74,47,66,42,80,169,67,3385,119,186,49,132,133,133,119,211,53,166,78,83,291,121,116,64,54,95,1034,171,104,439,108,51,74,81,15,168,80,99,61,41,46,153,217,97,16,51,60,205,518,398,468,83,208,93,273,543,722,1384,129,45,108,191,347,459,563,50,101,113,290
44,86,42,55,80,63,58,54,64,63,73,75,96,212,74,49,77,79,96,64,171,36,77,62,77,102,50,85,73,60,99,61,123,99,52,44,73,99,135,92,105,54,137,41,86,105,44,97,144,70,66,71,230,72,89,55,65,60,95,133,125,106,54,47,99,168,61,73,94,42,110,88,100,65,114,121,106,129,67,106,83,103,71,58,74,135,86,99,144,91,117,76,85,45,129,73,117,48,62,135,114,118,91,76,69,72,41,1429,44,155,77,27,52,70,53,38,84,243,63,301,202,76,47,989,69,47,44,127,161,99,56,66,54,68,75,107,1502,50,76,67,146,54,142,93,195,50,76,106,73,134,213,143,79,65,125,467,66,39,210,135,71,92,127,33,79,79,147,132,73,45,147,81,93,56,93,67,191,235,360,175,144,88,100,173,236,358,596,146,80,85,190,233,330,271,47,101,92,202
45,255,32,226,365,78,30,60,147,34,131,247,41,547,164,119,18,84,83,99,119,20,68,122,94,152,54,108,179,73,349,46,247,66,95,46,320,95,194,48,304,140,273,159,90,174,96,75,145,113,103,103,230,58,71,180,144,273,246,198,260,204,32,45,97,351,99,119,100,54,182,112,184,60,218,268,416,237,120,74,126,179,79,145,74,206,79,179,179,56,86,163,89,157,329,65,178,38,61,427,188,299,189,124,61,116,36,9139,43,844,42,20,27,132,54,43,127,1513,60,1992,1174,192,86,6432,209,30,18,210,395,152,89,45,46,183,218,148,9754,216,424,40,294,253,303,166,360,93,268,82,190,830,148,97,56,38,69,2765,257,134,1014,123,71,156,123,19,416,100,183,97,56,47,372,343,151,18,74,88,394,1462,992,1051,125,357,98,737,1369,1724,3755,269,69,200,460,913,1151,1337,80,201,176,863
17,13,13,7,3,13,12,6,5,5,24,11,12,29,7,76,16,13,25,43,31,6,15,34,34,40,10,37,66,14,33,7,50,7,3,10,64,23,34,24,73,29,58,34,21,70,4,16,29,15,36,44,58,12,44,63,40,67,63,32,164,75,12,5,35,50,74,30,20,6,118,22,36,15,49,141,57,78,40,19,46,91,14,46,43,101,19,79,115,11,15,61,17,34,67,12,20,6,9,80,75,44,72,58,10,14,11,3,12,31,8,5,16,10,9,9,10,9,14,81,11,7,16,4,14,15,4,30,26,17,6,20,17,15,64,21,3,54,26,11,14,81,24,23,49,9,72,18,27,26,36,39,20,21,32,31,34,36,36,27,7,11,25,11,5,44,19,19,11,12,23,55,22,8,14,16,43,19,48,43,13,50,23,13,24,52,22,22,15,22,10,18,30,143,14,20,24,16
10,13,7,7,9,9,13,11,4,12,24,10,14,23,9,89,14,12,29,29,31,6,20,43,53,31,13,39,73,21,36,5,73,9,7,10,63,30,41,10,84,29,101,38,12,79,11,11,31,25,45,63,40,17,43,81,47,62,68,32,198,84,11,13,22,75,65,49,14,8,99,34,51,23,41,140,61,73,53,9,47,71,12,40,34,121,23,114,103,11,13,74,17,26,92,6,23,7,14,90,79,65,73,71,9,10,3,22,12,38,10,9,6,14,7,8,14,14,9,114,23,19,7,20,12,15,4,22,28,20,5,11,11,16,68,33,36,54,25,8,18,77,26,26,42,6,76,14,25,44,33,42,18,21,23,37,41,42,38,24,15,14,19,5,7,68,27,16,21,11,32,72,19,4,20,14,47,20,57,65,17,56,17,13,36,52,25,16,20,12,12,16,52,156,9,19,39,15
14,23,14,6,7,12,7,7,13,9,24,15,15,33,11,125,15,18,26,53,43,6,15,48,46,36,9,57,88,15,51,4,83,14,11,9,94,42,58,15,88,53,108,41,24,104,9,16,48,38,66,77,52,16,76,87,62,75,89,67,230,101,13,11,22,116,101,64,20,10,114,48,67,24,68,165,66,111,72,16,73,93,16,63,43,158,23,115,126,11,18,86,15,49,126,12,38,19,24,140,100,84,111,106,13,12,7,14,12,40,9,9,4,11,6,8,19,16,12,142,15,19,13,10,13,9,10,35,20,13,7,17,20,21,72,32,16,73,29,10,28,99,31,31,69,7,93,20,33,56,49,84,20,15,32,42,55,50,46,36,17,20,20,17,13,61,25,22,11,10,26,103,24,19,15,17,55,27,70,78,24,58,30,20,30,66,20,32,15,18,26,17,62,218,13,14,53,19
9,13,6,8,6,3,14,15,8,8,12,8,13,39,8,74,8,13,23,47,32,7,13,37,38,38,4,39,70,16,40,4,52,12,9,11,87,31,44,8,90,27,86,42,16,79,13,16,31,25,50,44,50,15,47,73,34,66,45,37,191,86,13,6,14,75,107,37,23,8,118,30,57,12,66,164,68,80,41,19,48,75,19,44,45,138,20,98,107,17,9,81,16,39,69,13,31,9,24,96,74,50,91,72,12,14,7,9,13,46,9,5,10,13,9,3,18,14,8,115,7,23,6,10,6,6,8,23,21,9,14,22,14,9,72,21,19,45,24,6,18,73,26,21,58,9,76,17,18,38,41,42,19,12,30,33,42,44,62,22,16,16,21,5,9,64,23,18,12,15,25,52,20,8,15,13,36,20,63,47,16,52,27,19,31,42,24,12,14,18,14,24,41,169,7,21,27,11
6,9,6,3,7,3,3,1,2,7,9,6,2,11,3,76,7,7,27,51,27,2,5,31,41,30,6,28,50,6,44,3,56,3,4,4,64,22,26,5,73,29,75,44,6,67,7,4,25,22,61,51,25,10,46,60,45,57,79,33,165,72,6,5,15,64,71,60,5,5,79,21,53,11,52,127,54,72,52,4,45,66,13,36,30,94,11,87,91,5,17,66,7,33,84,7,27,8,21,73,61,49,72,54,6,3,2,10,10,29,2,3,2,9,1,2,7,6,4,93,7,12,7,9,7,6,4,13,18,6,5,12,2,5,83,23,15,34,27,4,8,69,19,19,41,2,68,7,17,31,20,51,14,8,7,21,49,38,16,20,4,12,4,2,3,63,9,9,7,4,18,59,12,2,10,13,37,14,39,55,11,37,5,10,12,24,10,7,9,3,8,11,54,146,5,9,28,7
8,18,5,8,6,8,7,8,10,6,11,1,11,24,12,147,2,11,28,77,51,4,7,58,76,91,3,58,109,8,62,2,103,6,10,7,97,49,80,14,143,69,174,64,10,118,12,9,56,37,131,83,61,6,91,103,103,95,141,73,322,126,4,10,29,168,151,93,14,12,141,52,72,24,77,256,81,153,103,11,114,104,24,88,58,204,10,155,165,12,28,125,8,55,186,9,38,12,25,196,118,136,134,107,11,8,7,13,23,48,4,3,6,7,6,6,16,8,11,193,12,19,6,9,11,11,5,22,15,14,6,10,10,8,130,35,14,73,53,15,21,125,39,33,75,4,114,13,25,40,34,103,20,15,20,20,96,53,46,42,6,23,16,4,14,82,16,13,8,8,33,137,20,9,12,25,82,11,73,113,11,106,34,14,16,32,25,11,14,11,14,17,73,261,2,13,71,7
8,7,4,7,9,2,7,4,5,6,10,5,7,29,6,153,8,6,18,65,40,6,12,63,55,75,6,43,86,12,52,2,96,8,7,6,79,44,56,5,118,69,133,63,10,113,10,11,37,51,103,68,53,11,67,108,60,70,104,66,287,115,9,7,22,104,121,67,15,6,134,38,74,26,72,217,64,110,77,11,86,96,17,69,54,162,14,147,143,10,23,100,15,56,120,7,50,12,27,149,96,97,110,103,1,13,1,13,16,34,2,4,6,7,6,12,9,4,8,161,12,13,7,7,11,12,6,19,16,12,13,10,2,6,97,15,11,85,49,11,19,110,30,35,69,5,108,17,28,44,22,67,16,8,17,24,68,48,43,38,13,21,13,6,10,74,13,11,11,11,33,99,8,8,10,28,61,10,53,80,13,83,28,10,21,33,13,9,12,16,13,16,57,221,10,11,52,15
7,9,8,4,5,3,8,5,5,5,7,5,8,27,7,130,8,5,35,54,36,8,9,62,67,58,7,52,125,6,54,8,111,5,3,7,89,34,41,8,121,49,139,58,8,132,8,10,38,28,76,76,54,6,75,118,64,106,114,60,309,120,7,6,29,100,148,50,9,7,167,47,67,18,93,262,80,121,71,10,76,136,17,95,47,193,15,170,163,12,19,123,13,46,120,11,30,11,25,146,125,96,117,130,9,6,5,24,16,47,10,7,11,8,2,5,10,4,9,203,15,12,6,1,7,8,4,16,17,9,6,6,7,8,110,41,15,64,37,8,10,99,32,29,66,8,99,9,26,63,23,54,11,8,12,26,64,70,53,31,8,19,17,2,3,93,12,13,11,4,21,84,12,1,13,21,59,25,51,80,11,74,18,7,19,27,15,12,6,12,7,14,75,282,3,10,49,12
8,4,8,3,5,4,8,0,3,3,7,3,7,10,6,52,1,8,19,26,14,2,4,35,38,31,2,21,53,8,27,4,52,7,3,3,39,21,37,4,68,38,66,31,8,68,7,10,29,22,59,37,36,11,36,43,31,40,58,40,123,59,6,3,14,58,75,43,7,4,57,26,44,15,44,100,42,70,43,7,36,54,11,29,20,96,11,82,61,4,6,40,7,25,74,9,18,8,13,79,55,38,59,52,9,2,3,0,10,19,1,3,4,5,5,3,8,2,10,82,5,9,3,1,6,5,4,11,7,8,2,6,7,4,50,17,1,31,19,3,15,58,12,10,31,1,45,8,15,20,11,44,11,10,6,13,47,27,24,22,4,9,12,4,2,41,10,8,4,3,17,43,15,6,7,15,34,6,32,45,10,51,13,8,21,25,6,6,9,10,9,9,43,125,4,12,25,7
2,2,7,2,5,4,5,7,5,4,3,7,8,12,6,68,3,2,11,35,18,8,4,31,37,43,4,27,54,4,22,1,52,7,1,6,47,25,37,3,68,34,64,23,10,58,2,6,26,13,45,48,31,9,32,57,42,69,55,35,150,45,6,3,13,57,61,51,9,4,50,35,38,14,36,103,51,73,39,4,48,49,12,35,27,102,9,67,79,5,13,56,8,31,84,6,16,9,18,86,51,58,67,49,5,3,3,7,9,19,4,2,2,3,5,3,6,2,4,85,4,15,4,2,2,3,4,13,6,12,4,5,5,0,64,14,7,34,21,2,11,63,15,12,35,4,46,9,16,23,19,42,17,6,19,24,35,34,17,17,6,10,11,1,4,44,17,11,6,4,17,53,10,3,5,14,42,10,27,49,10,38,14,6,12,32,10,5,5,7,10,10,31,130,2,12,25,6
6,5,4,3,5,4,6,6,2,4,13,5,5,18,10,86,3,8,19,36,23,3,8,44,52,54,2,26,64,8,43,3,66,7,4,2,55,28,42,6,75,52,90,45,11,64,5,11,38,22,72,68,48,5,56,73,60,54,87,53,182,63,8,4,18,91,83,61,11,4,64,25,59,18,61,155,57,96,68,9,64,72,11,44,31,120,19,107,99,7,18,80,12,35,125,6,40,17,23,136,66,80,98,59,7,7,8,4,21,27,4,4,7,8,7,6,3,12,7,106,11,18,5,2,4,10,3,12,8,7,4,7,6,6,71,14,6,58,38,4,11,85,25,37,53,4,81,19,18,23,14,52,16,6,16,14,59,44,27,31,10,12,18,7,6,54,18,12,9,9,23,68,9,9,13,19,38,11,40,66,10,66,21,10,17,22,10,10,7,8,9,8,61,145,9,11,46,5
5,4,11,2,3,3,9,6,4,2,7,2,8,16,4,125,2,2,26,49,29,5,5,56,78,50,3,44,78,6,55,2,93,2,5,2,73,30,53,7,112,49,112,55,13,97,10,8,37,33,73,76,52,3,66,81,70,56,96,50,249,119,8,4,23,92,113,68,10,4,115,45,78,18,84,209,66,84,68,6,74,103,13,55,45,148,5,153,126,5,16,105,13,49,116,4,31,18,19,148,96,78,124,87,3,5,3,9,8,34,6,5,4,5,4,2,6,5,5,170,3,18,8,6,11,4,4,12,9,8,2,9,7,6,88,31,14,65,38,6,11,89,19,27,53,3,83,15,25,26,20,49,20,9,8,22,60,40,31,20,1,24,14,3,6,87,9,9,3,4,23,102,12,6,8,23,61,9,43,64,9,54,20,6,15,27,13,7,11,6,9,13,55,199,7,7,44,6
6,9,10,5,11,10,15,14,9,9,18,8,21,33,17,63,15,17,21,40,30,9,19,36,32,46,13,44,59,21,30,7,54,14,8,16,51,28,57,16,79,31,85,30,15,78,12,21,43,23,62,42,85,13,43,71,37,45,63,54,148,62,18,8,26,65,79,45,26,10,76,36,50,15,52,86,35,86,49,25,48,63,20,32,26,103,15,86,83,12,26,55,14,29,74,18,39,10,24,97,79,52,61,43,22,13,9,29,10,26,12,8,10,9,14,10,28,12,12,68,10,18,7,16,17,11,10,29,19,17,16,18,12,14,56,36,27,33,28,20,28,46,34,17,68,6,51,27,29,29,56,46,18,13,43,50,34,35,67,26,8,24,26,8,11,31,33,25,14,14,28,61,29,18,22,21,47,20,61,47,27,49,36,16,24,37,29,15,21,23,22,31,47,120,12,19,28,15
4,6,6,1,6,4,6,6,4,2,7,2,9,10,2,98,5,7,18,53,27,3,7,34,51,52,4,35,77,14,46,3,69,8,0,3,50,35,38,8,87,53,100,39,6,83,6,12,33,36,78,58,39,7,46,74,63,65,80,47,210,75,7,12,18,89,91,66,11,6,93,34,58,20,59,158,48,91,59,4,47,65,11,57,38,128,9,94,96,5,17,77,8,38,82,8,25,9,23,140,72,83,81,67,7,9,5,6,13,29,8,4,8,3,3,4,5,9,11,115,6,19,2,6,9,6,5,12,6,7,12,12,1,6,97,31,16,59,25,15,9,86,30,26,55,7,85,12,12,35,28,56,16,7,14,22,65,43,29,20,5,20,13,5,4,52,11,5,6,10,24,87,10,6,6,21,55,16,51,66,13,63,18,10,16,25,12,13,3,14,6,8,47,169,6,11,37,6
5,12,12,3,5,8,4,12,3,4,6,3,5,19,6,74,8,12,18,23,27,4,10,34,43,34,6,24,46,11,25,4,45,7,4,7,55,26,34,10,55,34,72,25,6,52,9,11,24,22,45,37,42,10,28,55,38,34,55,36,135,59,8,6,20,71,61,45,8,3,73,34,41,13,33,114,41,79,45,11,40,62,7,30,34,89,11,76,72,5,12,52,13,28,79,7,23,5,13,78,50,58,57,58,4,5,1,4,10,21,5,7,6,7,10,1,8,6,5,88,9,13,7,4,6,9,6,18,17,6,9,15,6,6,49,19,8,27,24,10,5,53,24,17,30,4,61,11,14,17,20,33,12,8,20,28,44,29,37,20,10,14,13,2,8,34,15,12,6,9,25,62,17,5,10,20,35,9,40,42,15,45,20,6,20,27,9,13,9,14,10,11,40,109,6,4,34,10
12,14,9,4,7,5,17,9,5,14,12,12,26,41,12,162,16,15,32,63,53,6,26,63,81,63,16,65,109,21,60,10,115,11,11,9,104,50,62,24,123,50,157,60,16,116,19,20,53,35,93,73,73,15,100,124,82,110,119,66,375,153,24,14,40,128,151,79,21,10,156,48,88,24,93,282,115,146,94,22,81,114,17,74,53,196,22,144,175,13,23,111,26,62,136,21,56,13,38,166,139,99,165,130,19,14,12,5,18,51,20,8,10,15,12,10,17,12,14,183,9,31,8,4,15,20,7,47,44,26,7,20,11,13,111,39,6,86,38,13,32,134,36,26,85,14,124,22,35,62,42,84,23,20,34,41,84,62,64,39,14,27,27,10,12,105,24,27,15,17,37,91,23,16,23,26,63,22,68,95,29,93,32,17,37,59,18,25,16,21,24,24,74,286,12,16,52,15
62,74,67,44,56,63,33,35,51,56,126,58,66,159,47,228,53,82,69,94,161,23,96,126,97,148,60,103,161,89,117,57,185,69,32,35,145,105,183,99,153,97,232,83,88,197,63,86,145,103,151,113,256,59,150,154,120,179,182,168,351,185,76,59,110,275,169,155,99,53,211,124,177,66,139,308,159,230,200,96,167,190,41,134,76,292,109,202,257,51,60,151,80,143,229,77,141,57,81,294,155,164,168,163,57,63,44,47,62,115,54,33,61,56,58,41,86,81,57,193,94,74,62,25,61,66,42,173,126,101,38,99,78,58,202,115,62,127,97,38,97,169,100,119,190,60,185,121,75,123,198,149,94,103,132,172,167,105,262,125,65,67,107,32,55,109,144,107,80,68,122,214,118,54,67,72,184,132,221,156,115,188,72,87,155,336,111,112,71,94,110,88,189,382,63,107,143,75
22,31,17,14,14,15,13,16,16,19,36,21,19,52,11,102,17,21,27,26,50,11,25,45,56,81,16,27,58,23,45,14,62,28,10,10,63,36,68,23,78,46,75,36,34,93,19,19,48,23,71,35,90,25,63,63,63,76,85,59,130,70,23,14,33,108,70,72,28,16,74,33,67,20,49,125,51,69,69,37,61,71,18,47,28,103,22,73,88,19,28,66,46,42,117,31,54,18,25,128,75,57,78,55,31,19,13,6,18,28,11,10,14,33,18,13,27,30,26,62,24,20,18,1,20,19,15,48,42,24,14,20,25,35,79,30,6,44,42,16,34,63,42,29,84,9,65,46,19,25,60,76,32,23,48,66,61,35,61,49,24,26,44,8,15,54,38,22,30,17,52,76,31,18,36,33,73,38,60,62,34,61,31,30,53,76,28,42,25,35,50,29,53,125,17,33,56,23
64,73,54,30,44,42,28,37,40,46,77,49,61,126,34,192,52,86,75,93,137,32,62,94,92,115,44,69,100,72,82,40,130,49,25,40,136,80,140,56,149,93,169,78,81,141,62,72,111,85,103,94,186,58,118,124,113,153,143,142,274,157,48,57,81,228,115,117,73,32,163,97,140,53,121,248,101,161,151,69,117,154,42,106,52,218,80,140,223,53,69,101,79,122,220,63,113,50,52,248,119,133,157,139,60,60,37,7,59,78,32,32,55,52,46,36,66,59,51,175,53,51,44,7,52,47,27,140,94,87,29,83,56,74,164,93,8,103,89,25,105,138,83,110,172,52,141,101,66,78,191,113,60,76,96,145,111,96,197,97,60,70,102,31,45,104,117,84,60,52,124,174,114,43,74,70,147,84,160,149,91,150,76,75,156,256,86,88,46,72,81,77,166,247,36,88,86,64
59,69,67,32,33,42,34,36,48,44,96,49,59,128,47,203,49,78,74,101,168,24,70,89,103,128,42,86,145,70,106,48,186,67,20,34,153,116,167,73,189,119,232,102,84,184,67,73,140,119,141,117,176,57,151,153,119,190,172,196,359,206,56,49,92,265,168,146,78,51,183,107,164,61,147,308,134,215,185,102,164,194,43,126,82,277,85,200,252,46,49,177,81,132,254,51,153,42,64,303,141,183,178,162,61,58,31,21,47,107,42,40,41,45,48,24,80,67,46,185,58,58,47,18,63,56,31,138,119,76,34,87,50,79,169,91,26,138,91,32,95,144,95,107,185,38,186,103,76,90,180,139,67,78,121,156,139,107,223,107,56,70,97,29,46,104,97,86,65,59,128,222,94,47,73,74,168,98,218,174,111,153,74,87,145,256,98,101,81,78,72,67,173,290,50,92,115,80
17,16,21,7,16,17,20,13,16,15,34,15,11,44,19,87,20,28,23,39,57,11,22,46,44,60,18,28,48,35,37,14,66,17,14,18,56,34,59,22,59,37,98,29,23,78,16,18,45,30,80,49,79,21,64,71,52,66,93,67,130,82,24,27,28,116,54,79,27,23,67,39,78,32,58,107,44,84,52,27,68,61,24,65,26,96,37,93,84,14,29,73,32,60,91,24,50,21,30,122,48,70,61,61,21,25,14,10,19,34,15,10,14,19,15,13,23,18,20,74,19,26,23,8,20,23,17,39,36,23,9,22,25,22,72,31,14,46,31,7,25,53,32,37,68,13,81,30,23,30,55,62,34,25,36,64,69,46,79,48,21,23,34,9,19,48,38,35,14,31,51,74,48,24,26,30,76,28,64,63,33,76,25,28,56,83,34,43,19,33,22,24,61,113,16,34,48,29
15,15,25,5,12,11,11,11,16,12,31,15,7,38,9,116,9,24,18,44,47,5,16,56,57,72,10,32,65,23,50,5,98,17,10,12,49,64,61,13,88,46,107,55,21,109,17,13,54,38,117,73,98,18,64,81,72,70,114,81,193,78,22,13,38,153,70,87,35,18,70,67,96,23,73,189,67,98,107,29,91,98,18,57,43,142,24,117,120,11,36,92,22,67,166,20,57,22,29,193,72,98,127,79,24,21,11,4,18,24,10,11,16,9,15,9,20,18,13,90,23,16,14,2,20,16,14,29,34,22,13,29,13,14,86,34,2,57,48,16,24,93,57,42,97,14,97,35,34,28,45,87,29,16,29,54,101,60,97,45,17,33,26,2,13,56,39,20,25,19,46,110,24,10,25,37,81,23,84,99,27,94,30,26,48,59,18,32,13,15,24,20,80,148,9,18,75,20
30,52,30,20,30,22,19,23,16,28,54,33,33,67,26,124,35,42,32,50,68,16,35,70,66,74,33,32,65,37,43,29,74,33,17,20,86,71,93,32,67,58,113,33,41,102,44,26,78,40,88,61,120,29,75,81,62,93,122,91,134,88,42,31,48,144,75,100,51,33,79,52,99,36,67,154,65,107,116,33,67,77,25,69,38,148,51,91,113,22,34,73,44,68,150,29,85,27,29,155,71,110,102,72,24,31,18,0,25,57,29,18,29,24,22,21,34,32,24,69,24,29,27,0,22,28,18,81,63,37,19,48,36,35,86,35,0,54,46,22,56,77,55,51,103,36,93,42,43,38,90,79,36,50,47,90,77,59,135,58,29,34,62,15,31,62,56,51,30,34,55,120,62,24,38,34,100,46,96,94,67,109,50,29,83,133,43,53,31,49,44,31,99,156,29,43,59,22
23,27,20,11,10,11,12,15,16,18,36,16,29,54,30,139,24,26,24,55,67,9,28,65,65,104,21,33,92,29,62,19,96,25,7,16,69,55,108,19,117,55,125,52,31,102,17,25,79,56,126,77,107,21,63,82,101,85,140,79,178,102,22,20,45,159,85,111,24,18,64,59,104,30,102,158,71,122,106,40,89,99,25,82,47,144,23,135,147,14,32,93,39,88,156,19,61,25,47,216,93,129,118,86,19,30,11,11,20,46,16,13,7,22,15,15,39,25,16,111,25,30,17,7,25,25,13,52,39,34,16,27,27,23,108,23,6,72,50,12,33,78,45,53,113,17,104,32,40,36,63,113,46,33,42,60,85,64,152,58,14,30,38,12,18,57,36,39,23,22,67,134,34,21,27,40,93,40,101,107,36,106,42,44,53,97,30,34,25,24,24,39,90,193,13,29,55,39
14,23,24,9,20,25,17,14,18,20,33,12,17,53,11,93,18,29,10,33,56,15,31,57,49,62,20,17,55,34,49,15,79,20,12,15,60,50,83,30,71,45,90,41,29,81,21,39,63,39,67,54,71,16,56,76,57,78,118,45,132,80,17,18,42,138,55,65,31,15,63,42,79,31,48,108,57,115,83,27,78,80,10,54,28,117,37,82,108,18,38,79,28,60,129,20,62,27,29,137,47,78,85,69,25,21,17,7,18,29,11,17,14,18,17,13,29,32,30,68,23,22,21,3,20,20,14,47,50,38,11,22,21,31,74,33,6,38,37,14,30,72,43,40,82,10,75,28,39,26,56,77,14,38,38,46,68,42,81,44,27,26,44,10,14,56,35,45,19,27,43,95,31,10,40,33,62,41,82,89,39,95,28,23,64,90,34,42,18,29,45,18,76,126,16,30,53,23
8,17,10,4,7,13,13,10,10,8,13,14,10,36,10,51,14,15,15,27,26,10,16,30,17,45,8,21,44,10,32,9,38,11,10,11,32,28,52,13,42,23,58,27,17,42,19,14,31,30,36,23,41,11,28,45,43,45,43,42,75,41,16,9,21,80,40,32,19,4,46,17,42,17,36,75,23,49,44,16,55,56,18,37,22,77,17,48,65,5,11,37,20,43,58,15,28,8,19,84,32,48,55,39,17,11,8,4,14,16,10,6,4,18,9,7,16,19,14,46,10,9,8,1,17,10,6,29,37,20,6,8,13,9,49,25,8,24,22,6,23,32,24,30,55,13,46,23,15,30,38,42,15,23,28,29,32,27,40,26,11,19,24,6,16,25,24,16,11,20,33,57,18,11,26,21,40,16,45,47,19,43,18,13,26,61,19,21,9,18,21,23,45,79,9,20,31,19
22,21,25,11,20,20,18,20,12,11,28,17,18,58,22,90,22,37,22,44,66,10,31,50,64,64,24,35,70,32,45,11,89,20,7,16,59,52,70,29,89,42,109,35,31,111,25,26,47,39,71,60,91,29,62,88,72,75,112,70,160,104,34,17,34,126,72,73,42,29,62,44,76,21,51,136,61,94,101,30,70,70,18,60,39,129,38,94,114,17,27,68,47,70,139,37,50,18,24,155,59,94,83,67,25,18,17,5,21,28,19,8,18,27,13,10,31,23,20,78,23,23,15,5,17,19,13,56,31,33,12,29,29,23,86,34,13,56,46,12,40,68,49,45,82,18,80,46,46,45,60,76,40,35,46,61,73,37,82,51,23,36,45,12,21,50,43,35,27,18,53,102,44,21,27,42,84,32,83,80,30,95,55,26,64,97,26,33,31,31,30,40,91,131,24,41,64,22
19,29,19,17,11,17,17,14,16,13,29,22,17,37,16,98,14,22,28,44,48,13,24,56,46,56,17,32,58,34,41,10,76,22,9,13,54,46,71,26,107,48,110,37,30,82,23,21,54,40,69,56,71,24,60,86,58,74,109,61,136,73,26,17,50,123,73,67,35,15,62,49,87,19,57,130,65,95,75,23,81,84,22,63,45,115,44,96,101,17,38,88,30,59,119,22,58,15,32,168,83,87,98,64,19,26,13,0,23,37,13,18,18,25,18,20,32,20,19,84,28,24,12,0,20,23,9,38,44,24,15,30,22,21,75,24,0,53,36,12,33,93,43,49,90,11,82,35,36,28,73,70,35,26,44,56,69,41,85,49,9,25,38,13,15,53,38,27,17,16,49,85,33,28,36,30,60,39,71,89,38,80,44,30,50,89,25,32,22,30,31,32,76,138,15,47,59,23
30,28,23,7,23,17,21,14,20,25,44,23,19,53,31,144,19,35,24,47,60,13,24,82,59,102,29,43,66,45,54,13,94,24,15,14,75,76,92,29,109,74,118,66,33,116,31,29,80,46,133,84,109,48,83,82,94,97,151,97,183,96,28,17,59,153,79,104,41,23,71,77,99,39,65,187,63,122,125,50,111,98,30,68,41,150,46,138,144,26,34,99,50,88,192,35,68,21,40,213,76,111,118,89,35,17,17,0,17,36,17,13,20,12,28,24,44,27,19,101,34,28,28,0,22,28,20,57,54,30,15,35,24,24,102,38,3,59,63,24,47,90,60,60,106,19,114,46,56,43,64,84,32,38,54,74,109,72,108,71,24,33,43,14,31,65,46,39,24,27,56,152,46,17,25,45,107,50,105,116,35,102,34,34,68,122,28,38,28,34,36,36,122,179,23,43,61,39
14,24,19,13,14,19,18,14,14,18,21,15,16,39,15,86,9,18,17,30,35,10,19,37,39,61,10,22,51,20,26,17,68,20,5,8,60,45,65,21,68,53,86,32,28,88,16,17,50,32,70,46,68,25,49,74,48,53,94,63,126,56,20,16,31,96,47,66,32,13,48,47,66,24,38,109,42,80,67,30,57,57,25,49,24,96,20,70,101,15,24,55,22,48,108,18,45,18,29,141,49,86,66,57,24,12,9,3,13,26,16,4,12,16,7,8,28,13,20,81,14,24,12,1,11,18,17,39,44,14,4,17,12,18,60,19,3,43,26,16,36,49,45,37,85,11,67,34,20,20,51,61,26,24,37,48,57,28,77,37,12,19,27,4,12,46,33,23,13,17,40,78,23,14,23,35,76,22,78,62,27,87,34,17,36,72,27,26,22,22,12,28,57,111,22,20,56,15
15,17,16,11,11,14,20,12,15,17,35,18,17,50,13,79,13,22,27,22,41,8,26,29,39,50,21,29,44,27,31,17,60,14,9,13,37,40,63,19,55,35,85,37,24,82,20,27,51,40,56,40,63,34,50,50,44,50,76,70,102,49,26,19,27,110,40,68,23,22,48,30,44,21,37,74,53,72,63,21,59,61,22,43,23,90,31,75,86,22,24,50,22,57,93,30,47,11,22,106,42,67,64,42,17,32,12,5,19,29,14,13,10,18,13,10,27,24,16,57,15,22,16,5,23,16,8,34,44,27,15,19,21,28,55,26,7,40,40,10,31,53,25,38,74,16,71,47,29,28,62,44,19,41,27,54,50,26,90,43,17,21,33,11,10,30,39,30,17,23,41,87,37,24,28,23,54,20,57,53,23,62,38,31,47,91,32,33,21,31,22,32,71,91,20,30,35,12
23,33,33,18,20,21,19,12,17,29,45,25,33,77,22,100,21,35,23,60,77,10,33,67,66,106,30,40,79,29,62,21,109,24,8,14,75,64,100,39,115,62,147,61,54,106,30,36,94,63,97,62,117,21,85,92,91,111,126,94,192,80,28,18,55,179,100,91,33,21,97,71,106,33,79,171,78,129,121,32,112,86,34,70,47,172,39,158,131,23,38,98,46,95,162,51,82,26,37,196,78,124,116,83,36,20,18,11,33,32,21,18,20,31,20,13,36,29,30,111,37,30,26,4,28,26,17,48,58,34,26,37,35,27,97,55,17,68,54,17,49,101,59,50,114,18,127,52,46,46,85,94,48,42,57,71,84,53,93,59,29,44,58,14,14,74,60,48,40,42,66,149,48,25,42,55,102,49,118,98,50,108,36,46,61,118,43,48,27,34,38,39,108,170,21,49,83,37
10,4,4,1,3,9,5,4,2,7,6,2,8,15,4,24,4,10,4,16,19,4,4,22,20,23,5,17,19,9,21,0,21,8,4,6,26,17,24,6,22,24,38,17,9,26,6,10,18,24,38,12,36,4,21,26,17,28,31,25,57,19,7,4,16,41,32,30,8,6,27,10,22,8,21,48,20,45,25,8,24,20,8,21,9,44,9,32,35,6,5,23,11,18,58,8,16,3,10,44,21,25,27,18,8,1,4,3,5,12,4,1,5,4,2,2,7,8,8,30,9,6,2,10,9,9,3,19,10,11,4,6,6,5,30,4,16,22,22,2,8,28,20,9,26,3,31,15,9,12,15,30,14,10,17,24,20,14,29,15,10,10,16,7,7,22,14,15,5,7,14,36,9,4,7,12,23,9,23,23,6,26,9,7,12,21,7,11,9,5,5,9,26,42,4,14,18,8
7,1,5,2,4,4,1,4,1,3,4,2,3,10,4,26,2,3,5,9,14,0,9,11,11,11,8,9,9,2,12,4,18,6,4,2,11,11,20,7,16,9,21,13,6,17,5,8,14,9,24,10,21,6,9,15,16,20,23,13,28,18,7,2,11,23,15,15,6,4,10,16,17,4,18,32,10,27,18,12,23,19,7,22,2,27,6,26,20,2,5,16,7,18,36,6,15,1,7,47,11,27,19,15,4,7,4,1,7,6,4,2,3,3,6,6,8,3,1,17,4,6,5,2,2,2,4,3,9,7,2,7,1,4,18,3,4,13,17,2,7,13,11,4,18,1,19,6,6,6,15,23,12,4,5,7,16,10,38,12,3,4,11,1,3,8,8,4,3,2,12,19,7,1,7,10,12,8,19,24,8,19,8,5,7,17,11,3,4,4,4,4,11,24,2,5,13,4
12,17,9,3,9,8,10,12,7,6,26,12,9,26,10,59,8,9,19,23,37,9,18,37,33,40,11,24,49,15,21,8,41,10,5,10,38,24,30,19,55,30,59,34,12,61,15,13,47,24,45,37,33,12,42,50,38,36,53,54,106,46,16,5,20,67,51,42,20,8,53,22,34,17,41,94,43,62,45,19,53,55,12,41,25,77,17,63,70,13,16,33,8,41,64,17,32,10,22,80,49,52,67,43,9,11,5,0,11,23,10,6,10,16,9,5,17,12,13,53,14,19,12,2,13,12,4,24,24,18,13,18,16,10,46,20,2,38,29,10,28,51,25,28,51,10,45,23,26,20,41,38,15,25,30,32,41,23,41,33,22,9,24,8,11,36,20,15,10,12,30,58,17,9,18,19,53,20,46,47,22,52,21,10,23,55,18,16,13,19,16,14,37,101,8,19,24,20
7,6,3,2,3,8,8,3,11,12,10,10,11,22,5,36,7,10,3,13,25,7,10,19,24,27,8,5,15,15,18,5,30,5,4,6,21,16,50,11,38,23,31,15,11,39,5,9,24,17,32,16,32,9,56,24,19,24,34,33,38,40,4,4,15,57,42,38,10,9,18,22,25,10,80,44,13,30,27,14,27,30,10,18,12,51,15,42,32,6,9,24,12,33,43,12,36,11,39,64,19,34,35,27,10,6,5,3,7,8,5,3,4,14,4,4,8,18,7,24,9,9,4,7,3,5,4,17,13,7,6,11,6,6,34,11,11,12,16,3,15,34,9,21,20,6,25,20,20,9,28,22,6,11,11,35,15,17,408,15,8,14,12,7,10,15,14,12,11,3,20,43,9,2,13,9,28,19,21,35,14,29,9,13,16,45,14,14,8,10,12,12,21,49,3,11,26,7
7,4,2,0,3,4,7,1,0,4,9,4,4,6,1,24,6,4,5,16,14,1,4,17,17,21,7,5,26,4,14,1,14,4,0,2,25,15,23,9,33,19,34,7,5,31,2,3,17,5,43,13,15,4,6,24,26,16,33,14,54,14,4,5,13,42,19,21,6,3,12,12,17,7,14,50,19,28,34,6,23,25,4,30,10,37,4,35,28,1,10,26,3,19,40,3,18,4,8,46,19,31,19,18,3,6,3,5,6,5,3,1,0,8,5,3,2,3,2,30,4,3,5,5,1,4,4,8,10,4,3,5,7,4,33,9,5,11,12,4,9,24,12,16,29,3,27,6,6,11,13,29,4,7,5,9,28,15,20,15,1,4,7,1,4,13,6,2,6,7,10,37,7,3,2,10,32,3,23,32,5,26,10,8,8,17,10,4,0,2,4,5,23,42,3,5,21,2
5,10,10,3,9,8,5,2,6,6,10,10,4,18,6,44,7,8,11,18,34,6,14,27,35,37,8,10,31,11,31,1,44,9,5,7,24,21,38,10,53,39,58,19,14,59,10,11,23,21,53,38,43,9,38,54,43,40,65,38,77,40,11,7,14,64,29,36,10,12,26,35,40,11,56,102,35,55,67,10,41,40,12,28,18,74,10,53,54,6,15,43,15,26,94,10,23,12,19,82,30,45,52,30,7,8,2,0,12,18,3,3,10,8,3,4,8,10,9,56,4,15,5,7,3,9,4,18,15,12,2,14,7,9,61,6,7,23,24,7,8,33,21,22,39,6,46,12,21,12,25,41,15,7,16,29,35,21,178,26,9,19,13,1,2,20,10,10,6,9,16,46,11,4,9,14,35,5,42,52,14,46,13,7,19,27,17,9,6,9,9,14,38,66,3,7,28,14
8,8,4,4,8,7,16,3,10,4,14,10,8,30,12,86,15,12,13,36,38,0,20,40,44,59,4,26,46,7,45,7,59,13,4,4,38,38,64,6,68,48,89,37,12,74,11,14,38,33,81,58,54,9,49,57,67,53,85,63,146,53,14,3,25,65,57,79,16,15,45,36,63,18,39,111,44,84,65,17,63,44,21,50,36,93,18,72,74,10,22,69,16,47,102,14,29,10,32,153,50,70,66,50,6,9,6,1,13,30,9,6,5,8,8,5,16,11,12,80,10,20,9,3,12,3,4,17,16,11,4,20,5,5,63,12,3,42,43,16,24,60,35,33,57,8,49,17,25,20,31,65,22,21,25,35,41,28,116,23,8,20,21,4,8,33,17,14,10,13,32,70,18,6,19,27,65,16,77,76,18,70,20,14,32,33,12,16,7,14,11,23,53,107,14,15,59,11
8,14,15,9,10,9,11,12,8,9,16,9,16,27,8,67,8,13,11,18,26,8,23,35,22,34,8,20,35,15,28,11,38,14,6,6,37,33,142,16,76,95,49,21,15,137,13,16,42,16,70,43,68,5,269,40,33,42,56,45,83,28,18,7,22,66,125,39,18,8,27,37,42,14,661,82,32,44,55,18,46,59,14,40,21,82,20,61,61,9,16,44,17,39,89,13,103,14,203,272,30,47,60,45,12,12,3,7,13,22,6,7,11,8,5,9,15,10,12,50,10,19,13,6,16,11,4,28,30,15,6,20,11,14,71,18,5,31,19,14,25,48,24,19,63,6,49,27,20,21,45,56,21,18,18,31,45,34,3007,31,22,12,24,7,10,30,22,22,15,9,20,61,28,13,21,23,35,25,47,51,19,38,23,13,24,46,25,28,15,22,14,18,54,67,7,13,44,5
4,7,2,1,4,7,1,6,3,2,12,4,4,11,4,30,6,3,4,10,19,4,7,23,10,21,3,14,21,6,6,3,24,1,7,3,19,22,14,3,24,20,28,11,7,25,4,7,21,13,32,22,21,3,21,22,29,34,37,33,48,29,4,1,6,47,33,31,6,2,8,19,26,6,11,49,15,25,29,3,33,21,14,14,10,45,7,29,32,1,8,26,4,19,40,7,14,6,6,42,19,29,25,18,8,2,3,10,10,2,4,3,5,4,3,6,7,3,1,19,4,8,7,4,2,3,3,9,12,5,3,3,4,7,26,3,7,18,14,5,5,23,10,9,21,2,24,9,6,7,10,27,7,8,6,10,23,15,19,12,1,6,8,0,3,11,5,8,5,7,10,36,6,5,6,14,26,10,20,19,9,23,15,4,10,14,8,7,5,6,5,8,18,39,4,3,17,5
1,2,3,2,5,2,2,2,1,0,5,3,4,7,1,14,0,4,1,7,7,1,4,12,10,16,6,4,4,3,6,1,10,2,4,2,10,7,20,4,16,10,18,11,2,17,2,2,7,10,28,15,14,3,14,16,13,15,19,13,26,14,2,3,10,30,13,15,8,2,7,7,19,1,11,25,6,15,22,4,13,14,4,10,4,21,5,22,17,0,6,20,1,8,25,1,11,2,8,25,12,20,15,11,0,2,1,6,4,5,2,2,2,1,1,1,4,4,3,14,5,1,4,4,3,0,2,2,6,1,3,2,5,5,16,7,6,5,7,3,4,15,12,6,11,4,11,5,3,4,13,17,4,2,5,10,7,7,45,5,7,6,2,1,2,14,3,1,4,2,9,24,5,4,8,6,14,8,7,19,0,15,2,2,6,9,4,6,5,8,3,3,16,25,3,4,11,4
7,9,7,7,6,11,11,7,6,9,9,8,10,33,10,83,6,10,8,33,29,6,13,34,31,53,9,17,52,14,29,9,53,14,8,6,41,37,51,12,67,43,77,41,12,72,11,11,46,23,79,47,76,8,52,60,63,59,75,53,137,55,12,5,32,85,56,70,28,7,27,39,47,13,34,122,27,84,73,20,73,57,14,59,32,92,10,73,73,4,15,58,15,48,131,15,36,14,23,131,39,78,68,41,7,7,7,10,8,18,10,4,6,8,4,5,12,9,10,64,11,14,13,9,10,13,4,23,15,15,8,20,8,9,59,10,16,49,40,9,22,49,28,28,51,10,61,18,24,24,29,73,25,11,16,24,56,35,42,28,10,25,17,3,9,52,24,10,11,6,30,69,18,7,16,21,53,18,56,86,17,60,28,9,22,52,13,16,15,18,13,18,57,106,13,8,54,10
2,4,2,2,2,5,5,3,3,1,5,3,8,6,4,47,4,7,2,19,18,1,12,22,17,26,3,10,33,7,15,2,41,6,3,2,25,15,40,7,46,35,35,14,8,62,9,8,21,10,36,23,19,2,67,28,30,25,54,24,63,30,7,1,8,37,37,31,7,3,12,22,29,8,148,49,22,52,29,6,30,20,5,20,19,43,1,46,31,3,10,41,6,20,67,4,39,5,51,129,18,41,38,26,4,4,4,0,4,9,5,3,0,4,4,4,4,3,5,26,0,10,3,0,5,5,2,13,6,5,3,6,3,4,23,11,0,11,15,4,11,25,13,21,37,3,29,10,16,4,10,32,13,9,14,20,29,21,664,11,4,10,6,2,5,19,9,6,3,2,15,46,4,1,8,8,26,6,26,49,5,37,10,8,12,15,7,5,5,5,7,8,21,38,3,7,22,8
5,17,4,1,6,2,7,4,3,5,16,9,7,12,6,47,8,7,7,14,14,5,10,23,32,35,6,11,32,11,20,6,42,6,5,7,25,23,46,9,45,35,53,21,9,35,12,8,26,14,44,29,40,13,25,36,49,43,59,40,74,31,8,11,26,51,20,36,8,9,28,26,48,13,25,69,33,46,50,11,48,38,3,25,13,68,12,50,41,7,6,36,14,35,75,6,27,9,18,94,37,52,48,46,6,12,6,5,7,9,6,4,8,5,7,2,10,6,3,43,4,17,11,2,8,8,4,16,16,13,6,11,8,9,48,8,3,21,24,0,12,29,20,16,55,9,35,14,11,9,26,45,13,11,15,23,55,19,30,16,9,8,13,5,6,24,16,7,10,5,21,60,16,4,12,10,28,14,35,48,4,59,15,8,20,35,15,15,11,12,10,9,35,64,7,11,29,6
12,14,7,5,8,3,10,10,6,5,14,8,8,27,4,46,5,13,5,18,30,10,12,15,29,31,6,11,32,10,24,3,35,17,6,7,31,16,39,18,42,27,58,22,12,48,11,15,29,28,51,26,34,3,36,34,34,38,47,35,73,45,12,4,23,69,36,38,14,5,36,24,36,15,32,68,29,55,59,12,48,42,14,30,17,61,15,49,59,5,12,22,14,17,89,8,25,10,12,75,47,51,37,37,14,10,7,3,11,16,8,4,14,15,10,8,13,13,15,48,11,12,15,1,14,5,7,26,13,12,7,9,10,16,50,15,2,23,18,11,13,46,25,31,44,5,39,14,15,13,32,32,14,17,26,33,34,22,87,24,7,14,19,3,14,32,20,13,13,11,17,50,23,8,11,16,36,15,29,42,16,40,17,14,22,50,10,22,12,11,14,12,40,57,9,15,27,13
7,10,15,4,10,2,8,4,14,7,13,13,8,27,7,70,9,10,11,24,25,4,19,27,34,35,11,21,37,16,27,10,55,11,5,4,33,26,46,17,54,29,76,30,19,54,10,16,29,18,67,39,41,6,40,52,51,52,60,49,108,48,9,11,23,77,53,48,16,6,42,43,61,12,42,65,41,59,50,11,49,44,9,47,29,75,15,55,61,10,21,53,21,38,98,8,39,11,20,97,37,59,77,37,8,6,6,2,9,14,6,9,9,9,10,4,19,12,12,54,6,8,18,2,9,9,8,16,24,15,6,18,8,9,63,16,4,26,22,1,22,47,23,28,44,7,63,19,25,22,46,59,14,17,28,25,47,28,65,29,10,13,12,4,7,38,16,21,18,11,32,68,19,7,14,14,46,16,46,72,17,53,14,18,30,46,12,19,14,15,14,11,45,84,7,14,31,11
13,23,20,9,17,19,18,21,19,27,30,16,19,57,17,91,13,27,16,36,53,12,29,51,48,79,14,29,61,25,42,13,68,22,6,11,64,54,101,23,101,62,86,35,30,101,26,25,54,46,87,44,86,17,95,63,65,52,83,69,128,73,33,13,33,113,75,79,32,18,54,44,77,24,165,106,57,82,71,22,82,57,28,52,33,102,32,82,81,15,28,64,29,62,125,37,83,14,65,183,58,97,83,60,23,16,14,0,20,24,18,20,17,18,20,21,24,23,24,81,13,21,24,0,18,24,15,57,37,25,14,36,22,23,64,28,0,46,41,13,49,78,41,39,82,15,79,39,37,24,73,74,35,30,43,51,58,29,771,47,20,28,40,10,12,59,41,26,23,27,34,109,35,13,17,32,84,31,87,96,27,82,40,39,47,93,13,34,27,32,30,39,77,120,21,41,56,24
