Type,Signature 1,Signature 2,Signature 3,Signature 4,Signature 5,Signature 6,Signature 7,Signature 8,Signature 9,Signature 10,Signature 11,Signature 12,Signature 13,Signature 14,Signature 15,Signature 16,Signature 17,Signature 18,Signature 19,Signature 20,Signature 21,Signature 22,Signature 23,Signature 24,Signature 25,Signature 26,Signature 27,Signature 28,Signature 29,Signature 30
A[C>A]A,0.011098326166,0.0006827082270034135,0.022172306775110864,0.0365,0.014941547714,0.0017,0.0004,0.03671800377688985,0.012,0.0007,0.00019999999999999996,0.0077,0.000334757187,0.00010000000000000003,0.0013,0.0161,0.001832019172,0.05053641862505054,0.0107,0.001179961596,0.00010000000000000002,0.0015040703750015042,0.0004533606829990933,0.028645992536028644,0.009896768001009897,0.0020397729099938806,0.005205626909020823,0.0013974388419944104,0.06998198728,0.0
A[C>A]C,0.009149340734,0.0006191072320030955,0.01787167535308936,0.0309,0.008960917997,0.0028,0.0005,0.033245722245900264,0.0067,0.001,0.0009999999999999998,0.0047,0.000648736139,0.004200000000000001,0.004,0.0097,0.000342235622,0.010939824789010939,0.0074,0.002211505148,0.0007000000000000001,0.002451011015002451,0.0003668004839992664,0.020214638433020213,0.006998928770006999,0.0014871622839955384,0.004738227415018953,0.0009171876649963313,0.055152357207,0.0
A[C>A]G,0.001490070468,9.927895600049638e-05,0.0021383396170106916,0.0183,0.002207846012,0.0005,0.0,0.0025253112559924244,0.0005,0.0003,0.0,0.0017,3.8144594e-05,0.0005000000000000001,0.0,0.0022,1.576225e-06,0.0022880726970022883,0.0005,1.61691e-07,0.0,0.0,0.0,0.02047899648502048,0.0014484429980014485,0.00028394561399914815,0.0007826979370031309,0.0,0.017846984044,0.0019673
A[C>A]T,0.006233885236,0.00032389136300161947,0.016265145590081326,0.0243,0.009206905292,0.0019,0.0004,0.03359854951589921,0.0068,0.0092,0.00019999999999999996,0.0046,0.00084665846,0.029600000000000008,0.0057,0.0088,0.003179664772,0.019424091364019423,0.0074,0.003008009987,0.0006000000000000001,0.0009224525180009226,0.0,0.0246001454250246,0.0049665650040049665,0.0005978656379982064,0.0027182424550108732,0.0005134099709979464,0.026804715973,0.0
A[C>G]A,0.001801068369,0.00026348104400131744,0.024002615202120013,0.0097,0.011671021651,0.0013,0.0,0.008356844805974931,0.0048,0.0005,0.0006999999999999999,0.0031,0.003775165298,0.00010000000000000003,0.0011,0.0048,0.001661704195,0.0015168875800015168,0.0058,0.00069704107,0.0005000000000000001,0.0005276440400005277,0.0,0.011993038821011992,0.008032567646008031,0.0012728812969961811,0.0013241632460052968,0.00025519499599897924,0.009301971097,0.0
A[C>G]C,0.00258090852,0.0002698660490013493,0.012160303668060802,0.0054,0.007292088583,0.0012,0.0,0.0043063803039870814,0.0023,0.0003,0.0002999999999999999,0.0015,0.000920824828,0.0,0.0001,0.0024,0.001626898399,0.002498784527002499,0.0019,0.002059310006,0.0008000000000000001,0.0,0.0,0.008425119792008426,0.0016359704130016358,0.0015281948619954154,0.0017710841290070843,0.0002688989639989244,0.003479048871,0.0
A[C>G]G,0.000592548022,0.0002192339110010962,0.005275419458026377,0.0031,0.002303839151,0.0,0.0,0.0005844153029982468,0.0,0.0,0.0,0.0,1.9890489e-05,0.0,0.0006,0.0,2.5801897e-05,0.002614508983002615,0.0,1.2734958e-05,0.0,0.0,0.0,0.0,0.0,0.0003072463079990783,0.0,0.0,0.000154433523,0.00482
A[C>G]T,0.002963986287,0.0006109734920030548,0.023277656342116388,0.0054,0.011696245747,0.0018,0.0001,0.008634906911974096,0.0038,0.0002,0.0008999999999999998,0.0025,0.003860632488,0.00010000000000000003,0.001,0.0073,0.001328507581,0.003983011170003983,0.0072,0.000848587116,0.0018000000000000002,0.00029945473500029944,0.0,0.0038813831850038815,0.003428449701003428,0.0024982518259925052,0.0013227198190052909,0.0003076980159987692,0.003976789927,0.0
A[C>T]A,0.029514532745,0.007441556817037208,0.01787217073208936,0.012,0.021839187574,0.0312,0.0,0.018066687155945803,0.0093,0.0,0.022499999999999996,0.0121,0.001480180764,0.029300000000000007,0.0117,0.0135,0.009350488403,0.0038256239120038255,0.0221,0.032858047272,0.005100000000000001,0.003113389695003114,0.019767154371960464,0.006315518136006316,0.020987618053020986,0.0059072320389822785,0.013723285787054893,0.005433792470978266,0.005197221326,0.065119
A[C>T]C,0.014322747041,0.0027263124280136313,0.00889603432304448,0.0075,0.012756105638,0.0163,0.0197,0.005650015028983051,0.0056,0.0032,0.10989999999999997,0.0054,4.0508707e-05,0.032100000000000004,0.0169,0.0076,0.004224289013,0.002465214261002465,0.0203,0.022196046913,0.006200000000000001,0.001524860290001525,0.08188057992483624,0.0038443269170038443,0.01314128369701314,0.010626457815968122,0.005424306001021697,0.0018154154879927384,0.00897646999,0.054397
A[C>T]G,0.171646931305,0.0033220832810166106,0.0035727083500178636,0.0028,0.016760177116,0.0908,0.0001,0.01926510546494221,0.0125,0.0126,0.007199999999999998,0.0019,0.000316594671,0.04960000000000001,0.0309,0.0035,0.009229213313,0.008463956886008464,0.0368,0.034572014703,0.025600000000000005,0.003625641201003626,0.009248715084981502,0.003110664425003111,0.019659894285019658,0.019930323238940208,0.0067064294540268255,0.005432039330978272,0.03163899636,0.0204604
A[C>T]T,0.012623763151,0.0033265284170166326,0.014797612209073987,0.0059,0.016477954692,0.0149,0.0043,0.020805967496937583,0.0076,0.0047,0.06389999999999998,0.0067,0.0,0.027700000000000006,0.0066,0.0101,0.005735961173,0.005605739927005606,0.0266,0.018819559611,0.0030000000000000005,0.0,0.03320965220893358,0.0034204186730034205,0.005728519312005728,0.011334530551965996,0.004475614034017902,0.0016292131889934832,0.004769666594,0.0219359
A[T>A]A,0.004021520333,1.3237700000066187e-07,0.008428563566042144,0.0048,0.008902904323,0.0006,0.001,0.013365082810959907,0.0121,0.0,0.00019999999999999996,0.0058,0.001243618346,0.0,0.0021,0.0081,0.00061300245,0.003037210804003037,0.0011,0.000574401358,0.008300000000000002,0.04961922971204963,0.0,0.0011667471260011668,0.020430527125020432,0.004459339878986622,0.1430763890095723,0.0009640308909961439,0.0,0.0075743
A[T>A]C,0.002371144163,0.00011306956200056535,0.007373096670036865,0.0039,0.007399202496,0.0033,0.0008,0.01243120207696271,0.0042,0.0002,9.999999999999998e-05,0.0065,0.001060001878,0.0008000000000000003,0.009,0.0073,0.001878587472,0.0008111672140008112,0.0053,0.001971462059,0.029200000000000004,0.011666740464011668,0.0,1.5173057000015172e-05,0.008892560661008892,0.012822242915961533,0.0014640853870058564,0.0033656678089865376,0.003049595749,0.003738
A[T>A]G,0.002810909959,0.0005329294160026646,0.007357300020036786,0.01,0.011508051457,0.0,0.0009,0.014036657066957893,0.0068,0.0,0.0006999999999999999,0.0046,0.00010255436,0.0,0.0009,0.008,0.001087349685,0.004503207138004503,0.0045,0.000190586616,0.0027000000000000006,0.06791545421306792,0.00023741852099952516,0.006332455573006332,0.006241948480006241,0.001172344271996483,0.0012262808970049052,0.001785753649992857,0.003909981984,0.0065906
A[T>A]T,0.008360909345,0.00014911095900074556,0.00875393899104377,0.003,0.011193623195,0.0053,0.0035,0.024109916595927677,0.0185,0.0012,0.0002999999999999999,0.006,0.000971812099,0.0009000000000000002,0.0079,0.0084,0.002045493651,0.0027365231850027365,0.0033,0.007421103528,0.004300000000000001,0.014599917580014601,0.0,4.967216000004967e-06,0.014850877622014851,0.00399313754898802,0.0025351979510101407,0.0056530890999773875,0.005105527437,0.0093447
A[T>C]A,0.01391577303,0.0013035095580065175,0.013035709432065178,0.0084,0.035366735114,0.0075,0.0005,0.016206510100951383,0.0252,0.0031,0.0005999999999999998,0.0466,0.000549454166,0.0026000000000000003,0.0115,0.0717,0.002697314025,0.002933053644002933,0.0145,0.016395062964,0.026500000000000003,0.01683993094901684,0.0010684488199978633,0.004726009142004726,0.020663282773020663,0.05502865213283491,0.005047301081020189,0.00409274688798363,0.010119181163,0.0
A[T>C]C,0.0062749606,0.0004255766770021279,0.009186289690045932,0.002,0.013771102129,0.0056,0.0001,0.007787802819976638,0.0105,0.0052,0.0014999999999999996,0.0317,0.000145506661,0.004600000000000001,0.0073,0.0171,0.008078150072,0.0015132847630015133,0.0048,0.019251793639,0.016500000000000004,0.0011082623820011083,0.00022157315899955685,0.000627949341000628,0.009502478424009503,0.027594604207917216,0.0018456912280073827,0.007880729210968478,0.006349682655,0.0087547
A[T>C]G,0.010137636154,0.0005754730070028774,0.011716920077058586,0.0081,0.028449051657,0.0217,0.0007,0.009852583552970444,0.0176,0.0026,0.0007999999999999998,0.0487,0.000279178024,0.003500000000000001,0.0073,0.0348,0.004432870698,0.00332966895500333,0.0135,0.054784918009,0.022400000000000003,0.004913616405004914,0.0004988015139990024,0.0027237586270027233,0.019911492456019912,0.05179104404984462,0.005688813879022756,0.005520833603977917,0.014659610308,0.0090498
A[T>C]T,0.009256316389,0.0014881640930074409,0.016978870798084893,0.0036,0.027302974158,0.0023,0.0011,0.021829463825934516,0.0247,0.004,0.0002999999999999999,0.025,0.000267461432,0.0025000000000000005,0.0063,0.0497,0.003140370209,0.005491317771005491,0.016,0.007341269916,0.018900000000000004,0.0026305239330026305,0.00031324054099937356,0.007122368470007122,0.014488390255014489,0.03907224441888278,0.002592754577010371,0.00323248399998707,0.007892413403,0.0
A[T>G]A,0.001587636423,3.3718411000168596e-05,0.0023513680760117567,0.0,0.003462151975,0.0,0.0,0.004219719283987342,0.0335,0.0,0.0,0.0012,0.00038619979,0.0,0.0,0.0052,5.3139249e-05,0.0003861381970003861,0.0014,1.765291e-06,0.0,0.001651998615001652,0.0,0.0,0.005281679682005281,8.065342599975803e-05,0.0011363373920045454,0.006364675554974542,0.0,0.0053118
A[T>G]C,0.001784091288,2.4844826000124223e-05,0.0014642311290073212,0.0002,0.002246592659,0.0017,0.0,0.0007936713289976191,0.0051,0.004,0.0,0.001,0.000112383214,0.0020000000000000005,0.0006,0.0042,0.006468661271,0.001254982080001255,0.0,0.000381387913,0.0031000000000000003,0.0,0.0,0.0014639506880014638,0.0,0.00016317120999951047,0.0009589763800038359,0.016610905646933558,0.0,0.0024592
A[T>G]G,0.001385830552,0.00027345407800136726,0.00905377764204527,0.0015,0.005490216837,0.0007,0.0009,0.006865800373979404,0.0052,0.0015,9.999999999999998e-05,0.0018,3.6000696e-05,0.0007000000000000001,0.0012,0.0061,0.003481549012,0.0023692160730023693,0.001,0.000658758087,0.0016000000000000003,0.001086872758001087,0.0,0.0008476125300008477,0.007136421644007136,0.0012550795069962348,6.766061000027065e-05,0.00659284224497363,0.002925171448,0.0062955
A[T>G]T,0.003158539312,0.0002176948720010885,0.007030976419035155,0.0002,0.003821226712,0.0029,0.0,0.0029399222589911807,0.0193,0.0137,0.0,0.003,0.000192493754,0.005600000000000001,0.0029,0.0076,0.030926375169,0.0003386028810003386,0.0017,0.000532125222,0.0018000000000000002,0.0,0.0,0.0010754552940010756,0.0,0.0018503834919944486,0.00025602774800102416,0.08639289743465443,0.0,0.0095416
C[C>A]A,0.006595870109,0.0006774449880033872,0.018781725573093908,0.0461,0.00967490433,0.0101,0.0012,0.03172375658990483,0.0098,0.0031,0.0006999999999999999,0.0135,0.001710089561,0.005600000000000001,0.0106,0.0159,0.001032430218,0.08876810881908877,0.0112,0.017377110647,0.0020000000000000005,0.00454969294400455,0.00016473938199967054,0.06355928379306355,0.014832947875014832,0.003705850082988882,0.00506507326802026,0.001168515636995326,0.051410211701,0.0
C[C>A]C,0.007342367815,0.0002136810130010684,0.0157604578420788,0.0614,0.004952300642,0.0241,0.0006,0.02550540713492349,0.0057,0.0009,0.0016999999999999995,0.0112,0.001159256581,0.010200000000000002,0.0084,0.01,0.000421880127,0.02064139055702064,0.0159,0.036502462984,0.0014000000000000002,0.003764473854003765,0.0007368748019985263,0.03375700471603376,0.007822175302007822,0.003980723372988057,0.002234153344008937,0.0003342918109986628,0.025825650831,0.0
C[C>A]G,0.00089284037,6.770460000033853e-06,0.0019633898460098167,0.0088,0.002800627307,0.0091,0.0,0.0011596243029965213,0.0,0.0007,0.0009999999999999998,0.0028,0.000244166533,0.0009000000000000002,0.0015,0.0022,0.000297462769,0.017178402480017178,0.0018,0.012482587542,0.0027000000000000006,0.0009001633310009002,0.00016395366099967212,0.02242898580602243,0.001276976732001277,0.0008117419699975647,0.00026631216100106523,5.36519979997854e-05,0.014496183324,0.0022624
C[C>A]T,0.007186581642,0.0004163329060020817,0.014722861126073615,0.0432,0.011013465824,0.0571,0.0013,0.02879117297091363,0.0091,0.016,0.0013999999999999998,0.0071,0.001256768244,0.12570000000000003,0.0228,0.0084,3.1479429e-05,0.03767695892903768,0.0096,0.103401226249,0.005600000000000001,0.00443984623100444,0.0007227318349985546,0.020086515438020085,0.012563654719012564,0.01903843134494288,0.0031005700090124023,0.00018667190199925333,0.040355074099,0.0
C[C>G]A,0.001284983446,2.7772077000138858e-05,0.016832571989084163,0.0105,0.007537523174,0.0,0.0001,0.0066190772159801445,0.0018,0.0,0.0,0.0019,0.005333651375,0.0,0.0009,0.004,0.001924978751,0.00045846382200045847,0.0002,1.331626e-05,0.00010000000000000002,0.0005820176630005821,0.00019904917399960192,0.013476821609013477,0.007200790410007201,0.0012791060689961626,0.004730649426018922,0.00010336609199958654,0.002618863169,0.0
C[C>G]C,0.000702134818,0.00027964386200139826,0.013531441527067657,0.0097,0.007633226665,0.0,0.0004,0.006077702894981768,0.002,0.0,0.00019999999999999996,0.0019,0.000912303471,0.0,0.0003,0.005,0.000709367774,0.003654228330003654,0.0028,0.000548144708,0.0,0.0008252996470008254,0.0002837760259994325,0.016105687737016105,0.004598473117004598,0.001214977302996355,0.0012616448420050465,0.00014431079199942278,0.00111151227,0.0
C[C>G]G,0.000506289594,1.9161576000095807e-05,0.004176457524020883,0.0063,0.002613760399,0.0,0.0006,0.0006560334329980321,0.0,0.0,0.0007999999999999998,0.0,0.000285467331,0.0,0.0004,0.0028,3.517869e-06,0.005405774245005405,0.0002,0.0,0.0,0.0003821146360003821,0.0,0.0007974719980007975,0.0008237092830008237,0.0002078325879993765,0.00036085658700144344,0.0,0.00152004695,0.0032461
C[C>G]T,0.001381542722,0.0003127815730015639,0.024046390424120233,0.0094,0.009417097876,0.0002,0.0003,0.007805026956976586,0.0039,0.0,0.00019999999999999996,0.0019,0.006383097568,0.0,0.0017,0.008,0.000953776334,0.00551960482000552,0.0008,0.000120730556,0.00030000000000000003,0.0017606459110017607,0.00019577533799960847,0.01038866588201039,0.00019636032500019635,0.002297026210993109,0.0002680262300010721,0.00029099950899883604,0.000139750691,0.0
C[C>T]A,0.020896446965,0.015019506931075097,0.014395059491071975,0.021,0.022769209355,0.0085,0.0754,0.0048658100209854034,0.0098,0.0012,0.030999999999999993,0.0187,0.003647278451,0.006000000000000002,0.0051,0.021,0.021265205902,0.009767511475009767,0.0438,0.011145185306,0.0034000000000000002,0.0077313495220077315,0.06057262780487886,0.0060354473940060355,0.014333994691014334,0.006594444884980216,0.01743848477806975,0.004391532553982434,0.009126471767,0.0694472
C[C>T]C,0.01850170477,0.0035169180980175845,0.008544781192042725,0.0144,0.017509476305,0.0099,0.1007,0.0039801504309880595,0.0069,0.0024,0.15179999999999996,0.0094,0.001004229295,0.016700000000000003,0.0088,0.0098,0.003847235312,0.005654828462005654,0.0753,0.018152746866,0.009100000000000002,0.007110850526007111,0.18637563407562727,0.0,0.005936643659005936,0.006510631970980468,0.007144870207028579,0.0026476609659894096,0.007067603037,0.0638403
C[C>T]G,0.095577217268,0.004979275715024897,0.003518465840017592,0.0076,0.012862237589,0.0901,0.0208,0.008338639181974986,0.0076,0.0109,0.013499999999999996,0.0046,0.000129202148,0.029300000000000007,0.0155,0.0016,0.013176112314,0.01618322296401618,0.0238,0.044384942487,0.03180000000000001,0.005502030965005502,0.015149082592969702,0.002924419074002924,0.011559391627011558,0.011904935323964286,0.007503561655030014,0.0022845635509908617,0.019875180409,0.0173126
C[C>T]T,0.017113307642,0.008956552775044783,0.016075545712080377,0.0201,0.020429513385,0.0087,0.0788,0.018843627433943473,0.0097,0.0043,0.08159999999999999,0.0205,0.00061176997,0.018600000000000002,0.0096,0.0211,0.009648025316,0.005153318613005153,0.1159,0.013847136214,0.004000000000000001,0.00416977724100417,0.15601539697668798,0.00397120157500397,0.013632596885013632,0.006238556326981284,0.007148027702028593,0.002423984266990304,0.001634058687,0.0342318
C[T>A]A,0.001182587416,0.00015459898100077298,0.007571320260037857,0.0075,0.005043163511,0.0001,0.0,0.01202421752196393,0.0055,0.0,0.0003999999999999999,0.0017,0.000285158991,0.0,0.0016,0.0054,3.0079241e-05,0.00041234635300041233,0.0043,4.5042364e-05,0.0,0.0868985455160869,0.000594528452998811,0.0027666348380027666,0.026296323089026297,0.0035614226809893156,0.3306010174723224,0.0025665799669897338,0.001765447503,0.0053118
C[T>A]C,0.001903166857,0.00046401902800232006,0.012725463528063629,0.0111,0.006208843676,0.0026,0.0014,0.01788109242294636,0.0049,0.0001,0.0010999999999999998,0.0086,0.000222287328,0.0034000000000000007,0.0043,0.0128,0.010223747696,0.0024914113100024914,0.0053,0.004389055645,0.0037000000000000006,0.053706846809053715,0.0,0.0026944624540026943,0.0157998830850158,0.0039016109809882947,0.0028135988080112543,0.01961089742892156,0.000383359117,0.0067873
C[T>A]G,0.00148796063,0.00023040980900115203,0.011508561865057542,0.0342,0.01050756897,0.0008,0.0007,0.01635677453295093,0.0051,0.0003,0.0005999999999999998,0.0031,0.000286951828,0.00020000000000000006,0.0027,0.013,0.004467036232,0.0055230457130055225,0.0021,0.001127835842,0.0025000000000000005,0.21322086655821323,0.00017312039999965376,0.006911164721006911,0.06286060638106285,0.002390304179992829,0.004396857083017587,0.008833600031964668,0.003556845215,0.0082628
C[T>A]T,0.002179344412,0.0005748855870028744,0.01645617769608228,0.0115,0.009784640746,0.0011,0.0018,0.026247801916921262,0.0069,0.0009,0.0003999999999999999,0.0054,8.00446e-07,0.0020000000000000005,0.0007,0.0096,0.031244883388,0.0033137132730033138,0.0022,0.002385541321,0.0010000000000000002,0.06182750747606183,0.0004578130989990844,0.002915200165002915,0.03662235111203662,0.0016359226669950923,0.005430891633021724,0.01094260981995623,0.002232755492,0.0
C[T>C]A,0.004176674882,0.000546619204002733,0.007895012611039476,0.0052,0.014238629786,0.0062,0.001,0.00517384241698448,0.0154,0.0005,9.999999999999998e-05,0.0312,4.2751466e-05,0.0006000000000000001,0.0032,0.0146,0.007426999646,0.00019216932000019218,0.0066,0.014867696528,0.021900000000000003,0.004027346334004028,0.0,0.0018488765350018488,0.009028014894009027,0.03788937769088633,0.004899079238019596,0.02073800335191705,0.0,0.0
C[T>C]C,0.005252593331,0.00039233257300196164,0.014431170362072155,0.0026,0.01248950044,0.004,0.0008,0.010936893767967191,0.0118,0.0019,0.0003999999999999999,0.0385,4.3307542e-05,0.005300000000000001,0.005,0.0194,0.039657001207,0.00305019258100305,0.007,0.018356161025,0.010000000000000002,0.0013524439290013527,0.0,0.004453689857004454,0.01077163242001077,0.021740734952934777,0.005724448467022899,0.043283797245826865,0.002774953681,0.0
C[T>C]G,0.00701322531,0.0003620245080018101,0.008422972144042116,0.01,0.018741631229,0.027,0.001,0.005657773601983027,0.0154,0.0015,9.999999999999998e-05,0.0415,5.4272534e-05,0.0016000000000000005,0.0128,0.019,0.028609696263,0.0025964641930025963,0.004,0.074150562563,0.021100000000000004,0.00274966613700275,0.00032070488599935857,0.0,0.01335066131001335,0.04724010334285828,0.005661478992022646,0.03708826172785165,0.006902414709,0.0
C[T>C]T,0.006713813119,0.0005609001260028045,0.011932430465059662,0.0054,0.019054082944,0.0033,0.0045,0.01112038932196664,0.0275,0.002,0.0008999999999999998,0.0324,7.63944e-07,0.0027000000000000006,0.0035,0.0263,0.101869657701,0.00131002874400131,0.0053,0.011001118253,0.020400000000000005,0.0023633535370023635,0.0,0.0015973890070015973,0.008961029966008961,0.02074062143093778,0.0039005890620156026,0.00505271601797979,0.003041424895,0.0
C[T>G]A,0.000302691186,0.00011378460300056892,0.001974181146009871,0.0,0.002041648941,0.0001,0.0,0.0024240505519927285,0.0216,0.0022,0.0,0.0013,1.5094208e-05,0.0,0.0,0.0002,9.1469787e-05,6.1002548000061e-05,0.0,2.3264084e-05,0.0,0.0011203565150011204,0.0,0.0,0.0,9.539625999971381e-05,0.0,0.009589841940961642,0.001116854814,0.0046233
C[T>G]C,0.00209850244,2.2095087000110476e-05,0.005824295545029122,0.0013,0.003478502118,0.004,0.0008,0.0020962106159937116,0.0064,0.0018,9.999999999999998e-05,0.0049,0.00014762484,0.0020000000000000005,0.0019,0.0082,0.019814293551,0.0020156969130020156,0.0011,0.008476494525,0.0005000000000000001,0.0010645835710010646,0.0001901443419996197,0.0021854373480021854,0.0028864543370028866,0.003919455099988241,0.000381244984001525,0.03391322372186435,0.0,0.0060004
C[T>G]G,0.0015995485,0.00022824594800114123,0.010464654525052323,0.0046,0.007147456226,0.005,0.0009,0.00660404629398019,0.0126,0.0037,0.0010999999999999998,0.0045,4.59873e-05,0.0005000000000000001,0.0007,0.0067,0.013449837633,0.0053119672540053115,0.0013,0.015383776115,0.0004000000000000001,0.004188568126004189,0.0,0.00011390967400011391,0.01176949249901177,0.005497357313983508,0.000403257236001613,0.018516481605925936,0.002169693346,0.0073775
C[T>G]T,0.002758537619,6.711134000033556e-05,0.008724387302043621,0.0012,0.011486811509,0.0086,0.0013,0.004866713858985401,0.0509,0.0182,0.0008999999999999998,0.0063,0.000463714722,0.006300000000000002,0.0045,0.0186,0.261456614079,0.0023416291780023416,0.0019,0.002185394659,0.0032000000000000006,0.0016294095730016295,0.00021083497999957834,0.0025337183330025334,0.00855080748200855,0.006788718690979634,0.0014390960690057564,0.11896710295352414,0.001143663251,0.0091481
G[C>A]A,0.008232603989,0.00035201335300176007,0.009696539676048482,0.0376,0.011892168979,0.0024,0.0003,0.023682328868928956,0.0118,0.0014,0.0003999999999999999,0.0062,0.000132109643,0.0018000000000000004,0.0024,0.0096,0.006535404875,0.12872415808012874,0.0032,0.001116123789,0.00010000000000000002,0.0012983701610012985,0.0003499074949993002,0.054676448679054676,0.013465295053013466,0.001375311845995874,0.010755871858043022,0.0021366290769914537,0.078046610108,0.008853
G[C>A]C,0.00575802141,0.00013381687900066908,0.010843341116054218,0.0399,0.009247857495,0.0058,0.0001,0.01582189644495254,0.0092,0.0022,0.0009999999999999998,0.0056,0.000754244011,0.011400000000000002,0.0099,0.0094,0.001293803953,0.01609287866301609,0.0031,0.003271428605,0.0038000000000000004,0.0018096221520018097,0.0005683377719988633,0.10994598899710994,0.006468298058006468,0.001961639087994115,0.01244233511704977,0.0004292083789982832,0.073460914669,0.0093449
G[C>A]G,0.000616335232,0.0001784416600008922,0.0009291405380046457,0.0227,0.002809188466,0.0021,0.0,0.0008509137539974475,0.0,0.0002,0.0,0.0015,9.6820775e-05,0.0011000000000000003,0.0013,0.0036,0.001283663378,0.009271416762009271,0.0,0.003751612508,0.00030000000000000003,0.00033383805500033386,0.00014941783399970116,0.04652486901004652,0.0006581030890006581,1.322966399996031e-05,0.0016296283470065187,0.0,0.017383296915,0.0008853
G[C>A]T,0.004459080311,0.00012283204600061417,0.012215382639061077,0.0258,0.010301267456,0.0087,0.0001,0.02106123580193682,0.0085,0.0088,0.0005999999999999998,0.0027,0.000551103672,0.07360000000000001,0.0309,0.0063,0.003103766672,0.07201707012607202,0.0072,0.01293719445,0.0023000000000000004,0.0005191481610005192,0.0,0.05042870948205042,0.010473080347010473,0.001934996292994195,0.00741235515202965,0.001318507255994726,0.059602472118,0.0081645
G[C>G]A,0.000602122711,4.483851400022419e-05,0.011916844569059584,0.007,0.005559423089,0.0,0.0,0.003724567945988827,0.0011,0.0,0.0,0.0012,0.001349419584,0.00020000000000000006,0.0022,0.0031,0.001296324191,0.0009238797030009238,0.002,0.001339769321,0.0004000000000000001,0.0,0.0,0.004945060708004945,0.0041696555240041695,0.001320607474996038,0.0014181663870056727,8.159141099967364e-05,0.000265759858,0.0073775
G[C>G]C,0.002393352209,1.4520103000072601e-05,0.00982365339704912,0.0091,0.005388801221,0.003,0.0004,0.0030465969529908606,0.0029,0.0002,0.00019999999999999996,0.0011,0.000788807743,0.00010000000000000003,0.0005,0.0032,0.000260760911,0.0006486479220006487,0.0,0.001811151475,0.004200000000000001,0.0,0.000137501073999725,0.009369875774009368,0.0023928049440023924,0.0018455010709944634,0.001346716782005387,0.00010521903099957913,0.000945012884,0.0065906
G[C>G]G,2.48534e-07,4.066588900020333e-05,0.0016710542500083553,0.0062,0.001100589633,0.0,0.0,0.0003212127929990364,0.0,0.0,0.0,0.0,8.1791214e-05,0.0,0.0006,0.0,4.377552e-06,0.0005428399680005428,0.0,6.37538e-07,0.0,0.00021469585100021473,0.0,0.0056257265400056254,0.0004181939160004182,0.0002050607769993848,0.0,0.0,0.0,0.0015739
G[C>G]T,0.000890080731,0.00026842945900134213,0.01791433430608957,0.006,0.006041247837,0.0017,0.0,0.005775663597982674,0.0044,0.0004,0.0,0.0009,0.002680123244,0.00030000000000000003,0.0018,0.0029,0.001820392786,0.0013767248880013768,0.0,0.001238264182,0.0004000000000000001,0.0005384388030005385,0.0,0.0030557700640030556,0.001994012217001994,0.0012255328559963232,0.004560685974018243,0.0001596793539993613,0.004796744744,0.0
G[C>T]A,0.024943814154,0.0063908078760319545,0.01612727333208064,0.0087,0.020038258645,0.0653,0.0,0.0022612626859932167,0.0062,0.0,0.026099999999999995,0.0124,0.002934137577,0.05570000000000001,0.0476,0.0125,0.002068754725,0.002703068727002703,0.0374,0.056793947985,0.016300000000000002,0.0019153708540019156,0.053282058964893436,0.02367905129502368,0.010038112013010038,0.00960651502697118,0.014215313743056861,0.0033842408689864637,0.011638793032,0.0485934
G[C>T]C,0.027161494035,0.001995816784009979,0.008208632437041044,0.008,0.018022312238,0.0773,0.021,0.0016166491869951504,0.0069,0.0134,0.09749999999999998,0.0092,0.002515171146,0.061800000000000015,0.1345,0.0092,0.000325483399,0.004199307536004199,0.0614,0.05442985727,0.039200000000000006,0.0032291335470032295,0.16291834374267417,0.01591920184001592,0.0069538751550069534,0.019507426719941476,0.020143646182080574,0.0016874140289932504,0.003781751661,0.0494787
G[C>T]G,0.103570762296,0.0003030209770015151,0.0012129228660060646,0.0023,0.013193817648,0.1339,0.0002,0.011606711599965182,0.0088,0.027,0.008999999999999998,0.0023,0.00320526455,0.09780000000000003,0.1829,0.0009,0.007511101358,0.011897360825011897,0.0278,0.004592688609,0.0019000000000000002,0.0033005988790033008,0.013046494743973907,0.012648077606012649,0.010468363027010468,0.022502717382932493,0.009368468496037473,0.0021893089599912432,0.019684388045,0.0157387
G[C>T]T,0.017689854381,0.003265818188016329,0.010611649208053058,0.0082,0.019502915335,0.0524,0.0161,0.006284928995981146,0.0101,0.0152,0.05219999999999999,0.0115,0.001687730545,0.055500000000000015,0.08,0.0116,0.000925697167,0.0019133809050019134,0.0917,0.049580863753,0.016600000000000004,0.0011140595700011142,0.10759039975378483,0.018129778378018126,0.009823820735009824,0.017307472183948076,0.007589625950030358,0.0010439936309958242,0.005761336823,0.0188865
G[T>A]A,0.000689289439,0.00011499421000057497,0.004434782559022174,0.0069,0.006740387717,0.0,0.0,0.008139178607975583,0.003,0.0,0.0002999999999999999,0.0015,0.000137960405,0.0,0.0,0.003,8.545689e-06,0.0018754340810018754,0.0026,0.000163129836,0.0,0.05370914569305371,0.0,0.002225127336002225,0.03621780083703621,0.0022428865129932715,0.10985187198043941,0.0005514607829977942,0.002930098053,0.003738
G[T>A]C,0.000552409528,0.00029386206000146933,0.005615432411028077,0.0052,0.00402159648,0.0028,0.0,0.00791008031797627,0.0029,0.0001,0.0002999999999999999,0.0039,0.000252867405,0.0025000000000000005,0.0038,0.004,0.002573466959,0.0015103097570015103,0.0,0.003799179503,0.014200000000000003,0.009489396694009491,0.0001832038119996336,0.004853149157004853,0.005847109647005847,0.005207287094984378,2.3455678000093824e-05,0.003163987596987344,0.0,0.0033445
G[T>A]G,0.001200228847,8.87213440004436e-05,0.008070136472040352,0.0133,0.006814352288,0.0006,0.0006,0.009057263055972828,0.0028,0.0,0.0003999999999999999,0.0019,0.000153517461,0.0,0.0026,0.0051,0.003538822593,0.0015053687760015052,0.0016,0.0008283337,0.0031000000000000003,0.0502939024280503,0.0,0.00019575862800019574,0.03824117931503824,0.0013581217779959256,0.0015659371590062638,0.002152847012991389,0.000533632401,0.0050167
G[T>A]T,0.002107136837,0.00021575546600107877,0.008679121744043396,0.0045,0.005101032909,0.0021,0.001,0.017812238646946567,0.0036,0.0004,9.999999999999998e-05,0.0031,0.000122745552,0.0009000000000000002,0.0043,0.0033,0.003879009961,0.003611025202003611,0.0052,0.001900746587,0.004100000000000001,0.010601457233010602,0.0,0.0,0.020167954419020168,0.0025131129419924607,0.0,0.0020077332439919693,0.0,0.0063939
G[T>C]A,0.011247835116,4.673852000023369e-06,0.0068500555740342505,0.0061,0.016294982792,0.0122,0.0002,0.0057207785489828385,0.0091,0.0064,0.0009999999999999998,0.0573,0.001054081222,0.007800000000000001,0.0195,0.0161,1.1401335e-05,0.000529126468000529,0.0039,0.002469317074,0.14260000000000003,0.004217454113004218,0.0002511686279994977,0.0012697498400012699,0.01748982387901749,0.09805282471870583,0.0047773803540191095,0.0036550481269853803,0.007090803763,0.0
G[T>C]C,0.006999724257,0.00018606592700093032,0.006260749014031304,0.0016,0.009574560593,0.0059,0.0001,0.005181051501984457,0.0097,0.0101,0.0015999999999999996,0.0274,0.000529899747,0.012700000000000003,0.0499,0.0099,0.009657713318,0.002279130829002279,0.003,0.001565632906,0.06650000000000002,0.0,0.0005382184889989236,0.00671033999600671,0.004045612446004045,0.04022636396287932,0.00196495433000786,0.007071175326971716,0.007111327534,0.0065906
G[T>C]G,0.004977592617,4.950440000024752e-07,0.0060987629930304935,0.0042,0.014103929348,0.0115,0.0003,0.005040707470984878,0.0094,0.0054,0.0018999999999999996,0.041,0.000630095718,0.008200000000000002,0.0154,0.0148,0.004654129131,0.005871056581005871,0.006,0.027341755021,0.08840000000000002,0.0014748845340014749,0.0,0.00027768497600027766,0.013402246274013402,0.044620700982866135,0.0012291677490049167,0.00823223843996707,0.005643063554,0.0078694
G[T>C]T,0.010667406133,0.0005785981040028929,0.007509343859037547,0.0024,0.015666874692,0.0042,0.0081,0.008488220257974535,0.0126,0.0124,0.0022999999999999995,0.0405,0.000676187888,0.008600000000000002,0.0094,0.0142,0.008149234601,0.004771565739004772,0.0099,0.001498264796,0.10030000000000001,0.0015610427380015612,0.0009957696809980085,0.004238477669004239,0.014159693736014159,0.05552806827983341,0.0037472250130149887,0.0004078845099983685,0.011237674345,0.0084596
G[T>G]A,9.9045003e-05,9.555239200047777e-05,0.004144488018020722,0.0,0.001627664547,0.0,0.0,0.0009745786649970764,0.0072,0.0,0.0,0.0,1.8489857e-05,0.0,0.0,0.0,3.9193821e-05,0.0013415324640013416,0.0,3.579149e-06,0.0,0.0,0.0,0.0,0.005546226924005546,3.739323199988782e-05,0.0,0.0,0.0,0.0032461
G[T>G]C,0.000202365646,4.700238100023501e-05,0.00450198531302251,0.0,0.000327734937,0.0016,0.0,0.0005248215549984257,0.0006,0.002,0.0,0.0004,9.3373513e-05,0.0019000000000000004,0.0022,0.0032,0.009078461515,9.204310000009204e-07,0.0,0.002830575073,0.0006000000000000001,0.0,0.0,0.0010736323020010736,0.0,0.002460704994992618,5.0790565000203165e-05,0.0,0.0,0.001869
G[T>G]G,0.001188353185,0.00010992570300054962,0.016391452608081957,0.0018,0.005948879802,0.001,0.0017,0.006087753466981738,0.005,0.0009,0.0009999999999999998,0.0011,1.0579194e-05,0.0012000000000000001,0.0037,0.0008,0.004782775461,0.009694999981009695,0.0043,0.002733219405,0.0004000000000000001,0.0018775891810018778,0.00018713241399962574,0.0029246969960029247,0.008685244444008686,0.0008172015629975484,0.004742918550018972,0.004217808298983129,0.003640593813,0.0033445
G[T>G]T,0.000800723342,8.647718000043238e-05,0.007067236643035336,0.0002,0.003307466591,0.0035,0.0009,0.005427433784983718,0.0185,0.003,0.0,0.0032,5.3741207e-05,0.003800000000000001,0.019,0.0044,0.063497756582,0.0028905535190028903,0.0025,0.003558558565,0.0008000000000000001,0.0,0.0,0.0008250982630008251,0.0027685716830027685,0.0078335612709765,0.002298476030009194,0.03164899732087341,0.006181023776,0.0056069
T[C>A]A,0.012250063666,0.015127427519075637,0.011653224909058266,0.033,0.014774016248,0.0017,0.001,0.02703238303891891,0.0222,0.0374,0.0008999999999999998,0.0066,0.048166047937,0.0005000000000000001,0.0057,0.0122,0.001824558257,0.06708064352906709,0.0051,0.000688299692,0.00010000000000000002,0.004051634552004052,0.0020712899849958575,0.03145126318203145,0.006938146585006938,0.0026800624239919596,0.007079284522028317,0.0007759027679968965,0.026894406511,0.0
T[C>A]C,0.011162229329,0.006532492454032662,0.016606775011083034,0.0538,0.012043464964,0.0029,0.002,0.018089773289945734,0.0043,0.0103,0.0024999999999999996,0.0099,0.017329557089,0.016600000000000004,0.0062,0.0145,0.001286518338,0.04186900969304187,0.0063,0.00405822906,0.0005000000000000001,0.00273977093700274,0.0006964102009986073,0.06253829369906254,0.010246607400010247,0.002031643865993905,0.006268800628025075,0.0008292924669966829,0.031608136996,0.0
T[C>A]G,0.002275495686,0.0016564553980082822,0.0013572394390067863,0.0104,0.003902362388,0.0011,0.0002,0.0016948751969949158,0.0,0.0031,9.999999999999998e-05,0.0019,0.002293157306,0.0,0.0025,0.004,0.002172941968,0.015162379290015161,0.0018,0.001001102231,0.0,0.0005131510700005132,9.93936329998012e-05,0.012802590728012802,0.0,0.0002650716999992048,0.0014464034150057858,0.0,0.012500468152,0.0016722
T[C>A]T,0.015259102491,0.012394610714061973,0.016328075975081638,0.037,0.018243395705,0.0058,0.0013,0.038141330867885584,0.0322,0.3083,0.0003999999999999999,0.0049,0.018634581512,0.051600000000000014,0.0145,0.0157,0.005012316394,0.11787784666611788,0.0087,0.012229104507,0.0004000000000000001,0.003605650899003606,0.00020743019099958516,0.030297679613030298,0.024625787226024626,0.0030171874569909483,0.009806277750039226,0.0019980736669920076,0.04120717639,0.0
T[C>G]A,0.001874853199,0.03724185314918621,0.016041405438080206,0.0032,0.002681056961,0.0,0.0002,0.004117878836987647,0.0033,0.0,9.999999999999998e-05,0.0024,0.280234946548,0.0,0.0009,0.005,0.000392684657,0.001802969051001803,0.0005,2.4298469e-05,0.00020000000000000004,0.0002254906150002255,0.0002306089439995388,0.01022085743601022,0.009798724567009798,0.004201896750987394,0.0028704337210114818,0.0005213703679979145,0.000820444889,0.0
T[C>G]C,0.002067418791,1.9413411000097066e-05,0.020149920428100748,0.0105,0.007924048307,0.0002,0.001,0.0037996495919886014,0.0025,0.0,0.0010999999999999998,0.0027,0.063885286587,0.0,0.0026,0.0064,0.000655602418,0.007863006794007863,0.0011,0.00015199855,0.00030000000000000003,0.0006286950200006287,0.00016578700899966842,0.007578365252007578,0.0032665071500032664,0.0028077615339915764,0.003107967569012432,0.0006673258899973308,0.000444119287,0.0
T[C>G]G,0.000304897004,0.0016254654570081275,0.0025279109360126398,0.0031,0.001319075649,0.0,0.0003,2.5653017999923044e-05,0.0,0.0,0.0002999999999999999,0.0,0.009528486008,0.0,0.0,0.0,1.3641541e-05,0.001513223334001513,0.0,0.0,0.0,0.00039580799400039586,0.0,0.0015927142170015928,0.0020574367530020576,6.196999999981409e-09,1.2810409000051242e-05,0.0,0.000143297155,0.0019673
T[C>G]T,0.00315157446,0.0668798996843344,0.03267364076216337,0.005,0.006644595708,0.0001,0.0007,0.006247553737981258,0.0049,0.0001,0.0007999999999999998,0.0015,0.330225481745,0.00010000000000000003,0.0015,0.0169,0.002852380395,0.003567102065003567,0.0105,0.000683059976,0.00030000000000000003,0.0002573751470002574,0.00043895580899912213,0.006100727190006101,0.0164009168500164,0.008019382985975942,0.002130587503008522,0.001245779534995017,0.001369869047,0.0
T[C>T]A,0.014492099634,0.4199413995960997,0.0088802090610444,0.0035,0.010997560324,0.0074,0.1202,0.007180668539978459,0.005,0.0037,0.030199999999999994,0.0138,0.113842093163,0.009200000000000002,0.0112,0.0172,0.016100784572,0.014923391701014924,0.0218,0.01071032207,0.006400000000000001,0.002016721688002017,0.014558613695970883,0.026571894346026574,0.011077520800011079,0.01130328876796609,0.018757776459075032,0.007622257671969512,0.012076583098,0.0849892
T[C>T]C,0.017680775357,0.08197249614440986,0.013529572798067647,0.007,0.020644964803,0.0067,0.2887,0.004061032937987818,0.0084,0.0211,0.15889999999999999,0.0095,0.015024839001,0.028300000000000006,0.0156,0.0131,0.016779984064,0.009962744310009963,0.033,0.00817550977,0.008600000000000002,0.001990834246001991,0.043510446938912976,0.012055691082012055,0.0064487875400064485,0.010807526974967577,0.007989184406031958,0.005116619240979533,0.0,0.090301
T[C>T]G,0.076002221712,0.047720186368238604,0.0017054088580085271,0.0011,0.007534489574,0.0391,0.0992,0.005535121519983395,0.0047,0.2141,0.007999999999999998,0.001,0.006102097956,0.009400000000000002,0.0104,0.0036,0.016272095596,0.01154971512601155,0.009,0.023163899202,0.012600000000000002,0.0014984730910014986,0.002752640543994495,0.005363359680005363,0.014083416181014082,0.010364329327968907,0.004609130971018437,0.001918028109992328,0.015830196802,0.0151485
T[C>T]T,0.013761704021,0.22867491830714337,0.010304416928051521,0.0077,0.011787461775,0.0047,0.0844,0.012209070496963374,0.0096,0.0392,0.09539999999999997,0.009,0.028140661233,0.022900000000000004,0.0076,0.0193,0.01982741755,0.005398013994005397,0.0267,0.009540087238,0.006400000000000001,0.0011822265020011824,0.024328785233951343,0.005532499180005532,0.012418585885012419,0.007249145359978252,0.011880932482047524,0.006193158625975228,0.0134621373,0.045544
T[T>A]A,0.005600155423,8.075248600040375e-05,0.007132681354035664,0.0045,0.009205637343,0.0002,0.001,0.015139996235954583,0.0215,0.0,0.0002999999999999999,0.0057,0.000403261316,0.0,0.0008,0.0085,0.000698812311,0.004663278043004663,0.0039,0.000924547968,0.0027000000000000006,0.04081050282504081,0.0,0.0,0.02183032904902183,0.0006281452559981156,0.05281388749421125,0.00020323756299918706,0.001191207434,0.0076726
T[T>A]C,0.00199907926,4.802898000024014e-06,0.009102797827045515,0.0046,0.006835344247,0.0008,0.0015,0.012093554605963721,0.0027,0.0008,0.0,0.0132,0.000771813274,0.0016000000000000005,0.0019,0.0087,0.002579358604,0.002578155543002578,0.0048,0.000708206814,0.0045000000000000005,0.025570395801025575,0.0,0.007994129155007993,0.0034056867280034056,0.0050737538609847786,4.709178500018837e-05,0.010180964867959278,0.001682664015,0.0064922
T[T>A]G,0.001090065693,6.660504300033302e-05,0.00656586304103283,0.0082,0.007144208769,0.0,0.001,0.008362546589974915,0.014,0.0,0.0,0.0037,0.000245194218,0.0,0.0006,0.0063,2.1133639e-05,0.0020167383610020166,0.0052,9.7003127e-05,0.0,0.06984521808506984,0.00023152561799953696,0.011202143591011201,0.010191520401010191,2.0138390999939582e-05,0.0,0.003250427226986999,0.002438756,0.0036396
T[T>A]T,0.003981022761,0.0002763158910013816,0.01471213540307356,0.0045,0.010240850413,0.0007,0.005,0.027653296253917044,0.0139,0.0028,0.0007999999999999998,0.0094,0.000160345975,0.0012000000000000001,0.0003,0.008,0.003883130589,0.0028186794470028186,0.0085,0.00231348906,0.0008000000000000001,0.02357906179702358,0.0,0.0002705787680002706,0.014527539313014527,0.0012355384699962934,0.001929770813007719,0.016492812255934033,0.0,0.0
T[T>C]A,0.008073616351,0.00010193235200050966,0.009115495077045578,0.0028,0.017059640976,0.0059,0.0023,0.004901072378985297,0.0156,0.003,0.00019999999999999996,0.05,0.000784056118,0.0018000000000000004,0.0068,0.0246,0.001708586711,0.00030230356500030226,0.0052,0.005734229562,0.038900000000000004,0.004803669740004804,0.0,0.0016822910480016823,0.014515050090014515,0.028789680541913627,0.001721015277006884,0.009929552067960283,0.011498665964,0.0
T[T>C]C,0.004857381178,0.00047034365900235173,0.010953790932054768,0.0016,0.014195709147,0.0035,0.0018,0.006081011298981758,0.0137,0.0097,0.0008999999999999998,0.0342,0.000132974888,0.005600000000000001,0.0099,0.0183,0.011074152072,0.0062607911150062605,0.002,0.011234254668,0.03130000000000001,0.0009121575120009123,0.0002306089439995388,0.0023445276560023444,0.007406083457007406,0.03663949244189008,0.003489212553013957,0.029010563205883962,0.003584215038,0.0091481
T[T>C]G,0.008325454207,0.00019235420300096177,0.006113033219030565,0.0036,0.012596501722,0.0106,0.0019,0.0017124846989948629,0.0098,0.0065,0.0006999999999999999,0.032,3.7402404e-05,0.0034000000000000007,0.0039,0.0165,0.005932002763,0.0015412653290015413,0.0057,0.023767611345,0.024900000000000002,0.001781735680001782,0.00023951377499952097,0.0004812741640004813,0.004892531217004893,0.01914369427994257,0.0011528465810046113,0.01568321855693727,0.00169429667,0.0060004
T[T>C]T,0.006257105605,0.0005853302750029267,0.010774336259053871,0.0022,0.017375139145,0.0029,0.0024,0.01000344182996999,0.0309,0.0099,0.0004999999999999999,0.0371,0.000179702846,0.0026000000000000003,0.0047,0.0174,0.007208218396,0.001357797089001358,0.0038,0.005395186301,0.027400000000000004,0.0,0.0,0.0003581480020003582,0.017014780759017013,0.023071688830930786,0.0015279570030061118,0.017291563617930838,0.003799705772,0.0
T[T>G]A,0.001397553749,7.173695000035869e-05,0.0054271842410271364,0.0,0.00520287442,0.0009,0.0,0.0017432213619947706,0.0502,0.005,0.0,0.0019,0.000546581847,0.0,0.0,0.0068,0.000133410642,3.631840400003632e-05,0.0032,2.69147e-07,0.0,0.001651698761001652,0.0,0.0,0.0020814799270020812,8.534934999974393e-06,0.0011890224540047562,0.009389658705962442,0.0,0.0086563
T[T>G]C,0.001291736985,1.4281456000071407e-05,0.006160250423030801,0.0003,0.005131607914,0.0019,0.001,0.0025498383289923507,0.0081,0.0092,0.0,0.0027,0.000235347085,0.0015000000000000005,0.0004,0.0069,0.009613345245,0.003233837990003234,0.0018,0.000377234437,0.0018000000000000002,0.0,0.0,0.0,0.000578978775000579,0.0027185098449918443,0.0002802953540011212,0.030117076983879533,0.0,0.0043282
T[T>G]G,0.00203107688,0.0002066151680010331,0.011076526261055384,0.003,0.0060552541,0.0011,0.001,0.00603039518498191,0.0088,0.0022,0.0002999999999999999,0.0011,4.79022e-07,0.00020000000000000006,0.0009,0.0049,0.004522462318,0.0007546017730007546,0.0011,0.000515421599,0.00030000000000000003,0.002572751958002573,0.00024750193299950503,0.0013605048500013605,0.009429195885009428,0.0013691611729958924,0.002353055589009412,0.012698750810949205,0.000353695951,0.0082628
T[T>G]T,0.00403012816,2.3598204000117993e-05,0.013000984209065005,0.0011,0.013369935834,0.0072,0.0014,0.007223998892978329,0.0545,0.0633,0.0002999999999999999,0.0032,0.000670588327,0.0025000000000000005,0.0033,0.0163,0.05804040776,0.002126441532002126,0.0013,0.000615656691,0.00030000000000000003,0.0,0.0,6.95157780000695e-05,0.007869671577007869,0.0025680767259922957,0.00013956128500055824,0.2336597832750654,0.006104834136,0.0
