Type,SP124323,SP124281,SP124389,SP124362,SP124394,SP124380,SP124399,SP124311,SP124434,SP124428,SP124298,SP124431,SP124396,SP124409,SP124376,SP124439,SP124423,SP124382,SP124415,SP124460,SP124377,SP124412,SP124329,SP124401,SP124384,SP124462,SP124418,SP124319,SP124447,SP124369,SP124295,SP124444,SP124364,SP82445,SP83242,SP103894,SP83382,SP82451,SP104330,SP83312,SP82431,SP82429,SP82644,SP82988,SP82461,SP82900,SP82399,SP82417,SP82435,SP104056,SP83083,SP83019,SP83099,SP83146,SP103866,SP83844,SP124334,SP124454,SP124449,SP124346,SP124406,SP124436,SP124425,SP124456,SP124367,SP124333,SP124326,SP124403,SP124452,SP124386,SP124305,SP124365,SP124420,SP124307,SP82614,SP82459,SP82532,SP82796,SP83482,SP104530,SP82756,SP82836,SP82433,SP82780,SP124357,SP124341,SP124278,SP124359,SP124286,SP82636,SP124339,SP124344,SP124348,SP124273,SP124355,SP124391,SP124264,SP124271,SP124336,SP124441,SP124291,SP82471,SP124353,SP113197,SP83027,SP124351,SP124458
A[C>A]A,60,49,75,129,54,187,223,278,153,184,387,189,124,57,96,267,34,498,310,43,114,205,46,428,470,69,71,33,426,91,143,43,240,335,154,236,110,145,12,94,481,116,91,134,149,454,89,15,45,292,161,165,51,87,78,100,342,219,248,253,219,1083,189,115,288,175,280,39,184,168,95,293,111,222,92,272,785,140,213,476,69,160,133,142,94,157,65,72,19,54,16,38,75,126,65,106,279,296,163,265,84,101,41,62,62,12,101
A[C>A]C,45,31,57,49,27,94,165,148,98,78,99,86,90,52,91,89,23,163,196,39,60,183,59,104,355,28,54,37,128,34,102,39,85,172,64,134,83,108,13,54,139,96,53,139,89,367,33,53,35,121,84,90,56,67,31,80,252,161,229,123,179,916,107,71,205,133,230,21,116,114,67,230,88,142,55,229,437,92,144,424,44,81,104,90,51,85,36,62,15,37,15,35,29,67,43,84,190,198,86,148,59,68,38,44,56,13,37
A[C>A]G,9,4,9,23,15,40,37,38,31,23,49,22,22,23,30,38,6,54,75,11,11,32,18,59,82,23,16,22,51,9,18,11,21,66,18,46,18,21,1,15,57,18,27,28,19,67,10,25,6,45,17,21,10,27,9,18,32,23,39,18,33,122,23,15,35,3,31,3,20,21,17,37,15,27,14,25,79,19,17,42,8,14,8,9,9,16,8,12,2,13,5,7,9,10,11,12,17,29,20,31,9,10,2,9,6,4,11
A[C>A]T,32,26,40,86,45,107,150,132,93,97,163,97,69,100,65,128,27,259,289,69,59,122,45,171,284,55,86,67,225,77,74,31,124,285,89,119,51,83,13,48,207,89,110,97,67,317,63,118,32,279,98,88,39,106,54,64,216,149,186,126,126,790,116,65,170,115,174,25,122,110,74,222,68,133,65,156,402,88,94,286,36,76,83,124,41,84,30,36,17,38,16,23,27,47,38,61,156,139,81,140,48,53,33,39,36,12,44
C[C>A]A,823,789,60,120,119,145,168,150,92,170,242,93,845,206,77,174,35,304,367,145,71,1813,103,257,305,127,969,80,242,148,1158,35,367,301,2372,147,77,794,6,59,200,955,260,125,100,391,136,280,234,639,94,118,412,145,113,86,437,243,434,326,234,1561,179,108,331,207,311,48,182,190,124,390,132,229,183,329,682,155,216,529,66,154,150,186,76,331,273,212,89,297,95,71,189,135,52,314,340,271,557,315,86,166,145,120,112,23,79
C[C>A]C,159,140,47,127,64,157,110,152,113,176,317,123,188,92,81,220,25,395,361,71,75,370,48,303,304,81,204,68,327,81,262,22,129,348,499,147,58,195,8,78,352,210,128,96,84,320,96,93,64,322,90,100,104,118,81,63,433,242,348,207,270,1425,215,104,339,242,339,37,219,186,119,363,150,265,109,326,796,165,247,613,75,129,179,187,30,99,78,43,26,73,17,32,57,88,64,135,258,244,163,179,62,107,74,50,63,13,87
C[C>A]G,110,109,14,28,10,58,71,72,36,34,90,58,119,11,31,72,6,121,106,16,29,259,15,89,131,16,120,11,94,19,184,12,46,97,341,55,26,133,5,29,129,136,15,40,27,139,18,2,30,80,47,45,60,23,20,27,36,23,31,44,24,116,43,15,43,18,36,5,20,18,17,34,15,16,7,33,90,12,23,62,7,19,15,8,27,57,39,56,15,53,11,19,33,21,11,43,43,53,84,61,14,22,27,22,24,4,12
C[C>A]T,414,362,55,200,71,233,232,271,92,270,473,173,441,174,65,416,38,718,1035,140,102,972,49,572,320,118,501,177,687,82,561,42,241,1002,1271,239,69,420,4,89,893,509,149,116,113,323,130,87,89,463,146,101,211,298,122,85,259,171,263,197,199,837,223,86,225,140,214,32,144,155,89,230,109,179,83,209,568,97,154,353,89,104,113,108,46,169,129,91,49,157,55,46,103,72,52,169,192,220,282,194,61,82,76,67,68,5,120
G[C>A]A,51,50,51,52,24,109,142,140,104,56,108,92,102,15,115,91,22,166,95,14,63,164,47,149,373,20,39,13,118,34,133,38,445,75,109,134,80,113,12,61,124,91,39,111,73,376,21,9,38,87,85,110,56,32,23,75,135,66,93,275,87,421,57,41,100,56,96,13,51,52,34,101,35,83,40,78,252,56,64,168,23,27,45,57,129,213,89,103,42,53,10,35,110,120,55,99,238,220,225,364,68,66,51,21,63,15,31
G[C>A]C,25,27,41,40,11,70,115,88,91,55,58,70,76,37,70,55,21,88,141,19,57,100,34,87,259,21,35,24,80,22,104,37,84,112,55,92,62,89,10,43,89,54,36,91,50,308,24,33,19,64,67,68,35,53,29,65,187,88,142,117,113,617,77,55,144,102,160,13,74,80,41,162,55,99,42,119,326,66,94,266,19,57,73,85,47,72,34,39,7,40,17,25,39,44,25,67,112,123,77,105,42,44,25,32,37,9,29
G[C>A]G,7,7,9,5,11,21,27,47,31,11,17,24,29,11,28,10,7,26,29,9,20,35,10,17,76,5,5,4,20,6,31,6,30,31,11,31,23,26,4,13,15,14,5,26,24,95,4,8,10,18,21,25,7,18,4,17,27,17,24,30,11,93,19,6,20,15,20,0,16,14,13,26,9,15,4,21,33,14,16,33,8,8,11,13,11,26,17,10,2,11,1,12,12,15,10,12,31,29,22,29,6,10,7,7,15,3,12
G[C>A]T,40,33,25,13,2,67,79,90,65,9,24,55,67,1,59,14,17,24,17,1,32,106,30,25,230,6,22,2,26,4,85,24,233,19,60,65,50,70,6,23,36,59,2,69,65,241,4,0,14,26,44,70,33,6,3,47,170,87,105,165,70,508,61,34,112,83,115,14,68,64,61,131,50,92,31,110,254,69,81,220,33,40,50,72,78,141,54,67,22,30,8,28,66,77,40,78,206,169,133,239,41,61,37,32,48,5,8
T[C>A]A,66,64,87,181,121,210,167,220,131,260,518,166,92,147,105,312,45,604,428,146,100,199,83,538,384,171,155,88,491,198,117,39,370,359,181,263,102,127,11,84,487,143,287,123,123,415,155,216,29,672,124,142,54,175,128,95,213,89,205,221,146,745,161,78,239,95,109,23,122,156,66,203,92,168,131,162,507,86,138,216,49,87,74,97,115,222,69,83,28,71,13,76,100,129,63,107,239,156,169,288,99,69,54,68,41,40,145
T[C>A]C,52,43,125,299,123,335,308,338,177,443,823,270,113,276,117,637,54,1122,1250,221,163,191,82,911,493,230,194,240,985,239,116,40,328,1248,191,369,130,156,6,141,1127,120,293,150,148,467,220,212,42,964,182,193,67,384,206,120,360,206,316,217,222,1152,288,105,363,191,244,49,219,264,121,311,134,256,150,286,775,112,225,412,83,117,164,134,83,154,62,85,21,50,8,44,69,99,54,84,226,228,127,224,86,91,63,57,58,31,208
T[C>A]G,12,10,14,18,9,29,27,41,28,31,43,25,24,6,23,24,11,60,27,5,21,29,5,43,71,9,6,3,41,14,29,11,38,13,24,50,17,24,3,19,40,29,26,26,21,106,5,7,6,26,27,36,12,10,8,16,24,14,20,35,18,106,16,3,30,11,12,2,14,12,7,19,11,19,7,20,54,15,16,33,8,8,11,15,20,41,13,15,6,15,3,14,20,18,14,17,48,43,23,71,16,17,13,12,13,9,17
T[C>A]T,87,90,88,208,82,236,259,249,171,241,369,173,160,138,133,296,46,519,660,100,141,294,82,406,533,86,139,137,466,113,205,58,510,608,234,247,136,192,13,129,413,160,163,202,140,613,99,144,42,340,164,170,97,227,68,135,210,115,198,327,155,699,141,66,208,101,153,17,135,144,71,175,80,160,77,170,424,80,144,268,42,81,80,81,162,288,100,138,50,88,24,61,149,161,59,126,324,260,285,429,95,95,78,51,65,32,131
A[C>G]A,30,23,40,13,7,104,136,154,115,27,30,78,70,39,84,48,27,53,115,28,55,135,49,43,349,12,29,20,52,10,105,47,29,105,27,109,73,92,9,50,53,86,32,120,75,416,14,41,29,74,81,94,29,35,6,70,340,184,239,140,171,1029,132,77,207,174,231,37,121,123,77,274,105,150,70,224,471,129,157,430,49,98,117,126,41,151,34,35,12,63,22,59,28,105,43,81,168,238,104,131,67,101,46,76,81,12,6
A[C>G]C,18,12,17,20,8,50,82,86,59,19,34,52,43,23,53,15,11,39,38,24,33,59,29,32,186,22,26,6,36,25,51,32,28,34,15,63,44,66,10,40,48,43,34,69,38,227,20,43,7,108,34,52,24,8,20,47,176,95,141,101,129,671,72,55,142,118,136,22,88,67,44,186,49,88,54,173,309,56,87,265,34,55,76,79,35,66,15,37,7,33,11,24,21,44,28,56,97,134,50,68,33,37,16,44,36,8,6
A[C>G]G,1,0,11,28,16,31,31,39,24,42,59,33,12,11,20,39,11,82,37,12,18,36,11,93,75,17,13,10,81,32,22,7,13,24,12,33,23,21,1,24,63,6,50,20,25,86,25,26,4,78,24,32,9,18,22,17,8,2,7,11,12,45,15,9,18,11,6,3,18,18,11,12,12,25,12,7,52,5,11,10,5,5,3,3,11,21,9,12,1,12,4,14,8,4,3,4,6,10,14,9,4,17,2,3,13,1,30
A[C>G]T,22,26,35,47,25,105,109,167,107,56,83,97,79,57,73,96,21,137,206,53,58,129,49,113,377,39,27,36,121,45,111,45,50,166,34,141,59,114,15,67,122,60,56,131,94,391,30,58,33,171,84,99,33,52,34,85,283,174,253,130,179,995,99,69,188,148,226,24,135,102,62,252,88,153,67,204,445,121,159,408,53,80,113,131,54,98,38,48,15,61,21,38,31,64,59,85,164,206,102,100,57,84,19,59,55,11,17
C[C>G]A,22,12,27,14,15,63,75,108,66,26,58,62,59,13,58,30,16,85,17,7,57,60,32,58,254,13,16,2,65,20,72,35,7,17,18,78,52,55,3,43,56,52,20,79,68,249,11,15,17,83,64,69,27,2,19,46,323,181,214,118,185,1093,129,87,202,155,263,27,114,115,80,270,100,154,77,221,486,123,160,446,57,121,130,126,30,51,16,43,8,24,10,25,26,66,46,79,148,168,68,103,57,55,32,50,47,12,23
C[C>G]C,25,22,41,52,32,107,135,176,131,113,186,105,89,50,98,145,33,257,216,41,85,124,47,207,320,49,19,38,222,45,71,35,24,229,43,130,74,89,9,60,206,68,64,122,104,343,47,24,26,170,94,121,43,64,31,88,219,134,219,92,159,767,131,66,197,129,170,17,127,120,68,214,82,134,73,157,441,86,112,321,42,77,114,92,45,63,22,48,8,36,15,24,25,45,31,55,127,174,62,93,67,52,27,41,35,10,71
C[C>G]G,10,4,21,44,21,48,33,47,55,42,123,55,25,22,22,88,12,156,82,15,24,38,17,121,116,35,18,18,108,44,22,15,22,66,29,63,31,33,2,34,125,26,66,41,39,116,27,35,9,113,42,42,7,25,25,34,38,16,29,32,33,115,38,12,53,15,16,5,34,25,23,36,19,35,29,22,124,16,27,41,5,15,12,18,20,18,10,11,2,7,0,10,17,12,7,12,22,29,13,24,11,6,4,12,6,5,31
C[C>G]T,23,28,52,60,22,138,166,183,102,96,202,113,94,69,92,183,21,285,328,42,68,105,40,232,328,43,34,55,237,24,91,39,36,328,37,157,68,99,9,78,294,62,48,97,76,376,45,30,29,185,91,96,29,69,34,83,374,213,256,148,218,1218,204,127,285,175,302,21,168,137,108,315,103,247,95,285,596,155,159,512,88,114,144,143,57,81,20,38,11,47,12,32,34,72,44,88,221,220,84,125,60,83,46,61,50,16,43
G[C>G]A,11,14,21,6,1,24,53,51,40,9,14,42,32,5,55,9,11,22,22,1,25,56,18,17,144,5,12,9,18,7,47,24,3,21,18,60,40,43,4,28,18,40,9,53,37,158,4,8,12,15,35,37,20,5,3,38,234,113,167,82,111,676,93,56,127,106,145,13,66,78,36,189,35,109,43,169,330,88,102,287,44,65,84,90,21,33,11,20,2,20,7,26,18,41,31,55,121,113,30,87,47,56,28,33,29,4,4
G[C>G]C,10,10,30,24,4,72,70,90,54,38,63,57,43,13,54,39,17,99,52,5,51,61,26,77,195,22,7,13,80,10,57,16,13,55,24,72,40,42,4,34,76,50,17,55,43,181,16,9,16,59,42,52,21,16,15,43,141,87,86,65,94,454,64,46,112,54,112,17,60,54,36,123,49,93,38,100,250,68,89,214,24,54,52,53,16,26,10,22,7,18,10,18,9,36,18,25,71,95,21,46,32,30,9,23,26,6,20
G[C>G]G,4,3,18,24,10,25,28,41,23,22,54,19,21,15,21,38,5,68,41,14,11,28,12,60,72,17,8,7,51,21,16,10,7,39,8,29,11,27,1,10,44,15,23,19,20,76,8,11,6,48,35,27,15,10,15,30,35,20,29,15,26,146,20,10,46,24,33,4,31,22,22,30,18,26,18,37,86,12,27,70,6,16,17,14,3,14,9,11,4,5,2,3,6,4,5,21,25,28,11,21,10,15,2,5,6,3,26
G[C>G]T,14,10,28,27,14,82,90,105,65,41,69,67,49,23,72,69,22,93,122,18,34,78,45,84,220,15,17,14,98,8,61,32,22,103,25,82,59,64,9,59,107,57,28,88,52,289,18,27,20,93,74,58,24,40,25,52,240,150,172,94,145,832,99,71,175,114,178,20,93,116,53,182,74,125,58,167,388,87,133,335,46,54,96,105,45,51,16,40,7,30,9,28,14,43,26,57,138,158,53,82,41,42,27,42,45,7,20
T[C>G]A,90,76,31,25,20,78,116,126,91,21,56,68,53,33,56,61,22,98,119,24,51,88,50,83,285,23,33,18,104,29,83,24,41,114,31,80,43,75,7,44,120,67,51,91,58,290,26,48,23,190,67,67,35,20,22,51,208,121,163,90,134,761,99,55,170,138,180,14,90,84,48,206,45,116,52,166,326,79,104,315,48,54,83,99,133,363,80,107,27,107,11,206,70,209,79,155,302,150,51,271,184,115,126,161,40,109,12
T[C>G]C,35,35,55,106,44,158,137,196,90,144,282,118,59,45,61,211,18,352,307,46,85,96,31,323,311,68,39,49,311,54,68,36,56,322,72,158,74,91,7,64,369,50,85,85,109,260,57,21,13,296,112,91,47,67,69,83,321,197,231,151,207,1156,179,80,289,159,266,38,142,152,90,304,108,220,103,259,626,132,204,482,78,128,134,142,64,116,26,64,7,40,16,71,26,100,57,85,210,253,71,131,88,67,39,76,44,24,74
T[C>G]G,8,9,15,10,12,26,28,35,21,34,52,22,17,7,17,31,11,75,7,12,12,25,10,44,78,13,11,0,33,18,17,4,5,6,11,21,15,21,0,9,50,14,24,19,20,64,12,13,3,58,18,24,10,0,12,12,8,8,9,10,7,42,9,8,25,9,8,2,9,11,9,7,14,8,11,10,48,3,11,10,1,9,4,9,15,31,5,12,2,7,7,17,5,3,4,6,20,10,11,15,9,13,11,11,8,9,11
T[C>G]T,139,87,63,151,46,211,303,309,128,223,306,179,109,133,157,335,30,579,888,97,123,176,65,432,509,75,108,158,522,50,129,71,78,958,79,273,95,135,17,114,670,107,72,166,128,551,80,75,40,404,158,140,65,289,82,119,401,227,315,156,226,1258,235,111,327,227,354,43,192,174,117,340,114,211,95,289,677,143,247,547,103,116,151,175,206,463,103,137,27,156,20,269,98,259,126,225,426,269,89,344,221,166,146,199,60,118,57
A[C>T]A,86,56,141,69,47,276,453,495,337,102,214,266,231,47,287,161,74,281,180,57,193,390,137,211,1264,66,52,23,241,80,302,133,70,126,56,363,244,315,37,188,221,235,105,375,251,1245,67,66,87,281,252,335,109,56,47,218,234,143,204,115,179,829,134,70,192,136,190,11,122,118,82,235,98,136,90,201,483,105,150,312,40,76,93,89,177,252,103,184,39,137,49,130,85,83,71,109,227,300,124,191,82,91,63,98,111,43,69
A[C>T]C,40,39,1432,4482,2293,3478,2414,2433,1778,6343,8922,2120,942,4138,944,6645,668,11149,13843,2528,1463,1317,835,9952,3857,2346,1656,3274,9189,2979,140,321,1657,11411,1568,3410,1249,986,52,1214,7562,460,4840,1562,1917,4979,2361,4002,120,6905,1568,2126,487,5537,2004,1215,1392,1034,2288,478,1461,5277,1927,997,3235,713,1060,235,2028,2463,1114,1212,1495,2439,1264,1305,5532,836,1498,1155,241,869,748,559,101,128,57,103,20,75,42,53,65,71,36,85,162,241,79,115,52,64,30,53,78,120,3465
A[C>T]G,128,86,19,28,19,78,82,102,58,39,86,59,51,18,63,59,11,113,44,19,41,97,40,90,2099,21,23,4,74,27,75,35,59,48,52,88,49,75,54,37,93,62,25,64,67,223,25,24,18,88,67,47,23,25,23,46,47,17,41,39,30,160,26,13,51,25,32,59,26,31,20,37,13,32,19,37,124,13,27,73,99,20,20,20,221,73,153,317,63,196,68,155,148,126,152,204,245,313,174,294,102,214,134,191,288,7,17
A[C>T]T,57,49,642,1691,926,1438,1266,1058,759,2421,3227,867,449,1960,534,2475,289,4039,6040,1338,579,698,525,3586,2007,993,910,1569,3468,1289,213,200,895,5049,565,1426,511,528,42,557,2955,371,2134,881,808,2523,1061,2097,96,3581,671,905,239,2282,829,573,810,501,1222,283,620,3119,770,387,1216,431,508,105,785,1001,404,783,602,963,566,722,1980,359,616,645,114,360,373,384,98,155,55,107,32,92,43,71,67,75,50,81,176,235,105,134,74,77,36,54,87,84,1262
C[C>T]A,53,30,4187,12717,6646,9447,6481,6123,4732,17219,25186,5879,2493,11729,2460,18279,1835,31080,37712,7181,3824,3262,2354,27623,9595,6602,4534,9163,25291,8586,190,824,4694,31501,4291,9231,3471,2776,110,3306,20677,1140,13953,4197,5086,12660,6876,11808,247,19729,4458,5572,1186,15589,5494,3077,3913,2647,6456,1273,4117,14378,5083,2661,8856,1946,2761,589,5627,6781,3108,3232,4223,6813,3621,3575,15365,2344,3914,2780,603,2467,2127,1570,120,215,53,117,46,89,50,60,89,109,59,134,193,413,149,172,96,71,42,66,112,339,9649
C[C>T]C,45,47,5491,16446,8465,12516,6970,8648,6149,22413,35859,8473,3272,12810,2702,24730,2449,43899,42247,8028,5225,3566,2552,38841,12715,8674,4772,10285,34570,11371,207,863,5022,34924,5992,12604,4559,3754,115,4350,28899,1177,17446,4618,7033,13906,9194,12424,260,25570,6153,7381,1610,16717,7335,4192,4188,3001,7111,1647,5447,15387,7022,3539,11662,2176,3132,780,7611,8935,4154,3502,5426,8833,4765,3969,23649,3028,5386,3087,663,3303,2351,1699,100,184,56,120,41,72,56,58,74,102,52,132,221,478,156,160,67,62,51,66,120,388,13365
C[C>T]G,94,78,686,2115,1058,1673,1149,1328,897,2686,4521,1096,468,1611,426,3258,335,5563,5503,997,732,585,399,4765,3047,1105,645,1258,4494,1404,188,159,712,4661,746,1736,637,614,65,644,3940,251,2183,716,991,2259,1129,1536,90,3257,885,985,231,2181,899,609,528,368,843,236,686,1930,857,405,1406,248,355,133,897,1128,501,448,679,1017,606,459,2839,358,673,350,141,428,315,214,191,154,116,228,48,139,68,118,152,94,84,141,188,273,138,222,99,120,90,129,163,58,1557
C[C>T]T,70,58,4912,14660,7565,10790,7293,7451,5456,20235,29403,6995,2717,13176,2718,21395,2184,35963,44101,8073,4280,3715,2649,32354,10884,7682,5137,10598,29470,9792,221,917,5099,36602,4878,10737,3952,3170,137,3740,24772,1189,15667,4751,5873,14377,7770,12839,285,21647,5150,6393,1306,17549,6444,3550,4348,3022,7253,1314,4720,15826,6040,3085,10149,2209,3059,651,6450,7837,3440,3607,4717,7814,3964,4029,17974,2715,4651,3250,716,2797,2400,1769,128,234,63,125,56,113,59,80,87,126,67,166,233,490,140,175,110,95,53,90,135,353,11072
G[C>T]A,47,42,88,49,26,190,224,279,206,65,139,186,131,23,156,81,62,150,82,22,103,207,76,133,673,26,16,16,131,31,172,99,52,58,38,211,134,196,23,99,119,127,48,244,159,723,37,30,56,91,169,165,89,24,28,149,235,151,194,147,186,861,125,71,218,153,193,22,140,154,62,228,88,147,68,183,494,113,181,380,49,68,106,98,95,163,45,115,17,81,31,61,71,72,58,95,206,211,110,149,62,76,50,71,48,25,50
G[C>T]C,57,53,1100,2999,1489,2411,1722,1661,1275,4154,5997,1589,657,2718,754,4360,501,7410,8745,1693,936,958,571,6685,2813,1687,1010,2185,5979,2032,202,281,1080,7185,997,2288,919,805,41,810,4925,370,3191,1153,1268,3499,1655,2662,77,4408,1141,1417,353,3528,1267,856,1033,681,1543,354,1015,3735,1304,696,2250,532,747,149,1355,1671,750,863,1094,1687,904,924,3904,614,997,892,167,652,550,408,92,171,57,107,28,93,37,65,67,61,46,100,189,240,89,141,57,76,41,62,61,102,2344
G[C>T]G,99,51,44,10,3,119,152,142,124,11,26,98,76,6,121,19,27,31,7,1,61,162,38,24,1488,6,13,3,19,5,119,57,53,7,43,111,86,123,37,65,11,100,12,130,104,456,7,8,27,20,72,117,51,2,2,102,11,7,7,30,7,35,9,3,18,5,11,22,8,8,4,15,4,11,7,7,31,8,6,17,54,3,6,4,175,119,126,205,46,153,46,141,109,91,112,134,200,223,118,216,101,132,91,129,178,8,7
G[C>T]T,50,37,952,3044,1558,2123,2206,1313,1165,4108,4263,1115,659,4025,874,3996,448,5338,12091,2518,752,1219,866,5172,2328,1734,1687,2988,5143,2000,176,292,1683,10153,750,2020,821,637,33,745,3688,478,3653,1577,1127,4482,1652,4130,103,4999,972,1363,329,4917,1340,821,1453,908,2364,288,949,5483,1099,552,1974,779,953,161,1122,1536,677,1252,992,1742,830,1329,2294,636,872,1096,192,463,704,628,91,154,39,103,21,79,30,67,77,47,33,91,154,249,99,125,56,61,37,43,71,95,1955
T[C>T]A,143,202,12461,40886,19937,27422,29878,14053,14271,57913,53118,12097,7567,55005,11071,52988,5883,69913,179754,33859,8525,14526,10614,65904,25313,19706,21097,44251,67947,23813,193,3391,20985,150111,9914,25617,9446,7019,437,9004,49610,4593,46373,19096,13110,57490,19348,53176,915,50635,11203,16759,3141,71356,16048,9256,16757,11967,29426,2191,11442,61429,14706,7317,25346,8348,12243,1540,15025,20610,8175,13796,12571,22466,8669,15726,20864,7298,10732,11594,2708,5123,9442,6824,381,568,128,207,149,397,120,126,261,397,167,386,396,1459,255,402,381,157,164,248,260,724,25841
T[C>T]C,74,89,20546,64568,32224,44770,40757,25016,22958,90565,100257,22706,11824,76297,15204,87332,9470,128297,251436,47222,15179,20503,14545,118081,41559,32231,28905,61708,115508,39923,201,4736,29073,207089,18041,42779,15555,11721,571,14815,88099,6325,72570,26376,22368,79763,32216,74042,1377,85087,19424,26842,5134,100227,26542,14902,23277,16597,41128,4263,18916,86722,24138,12230,41413,11972,16841,2626,25063,33798,13848,19237,20526,34996,15157,22167,49292,11694,17972,16071,3808,9646,13033,9450,282,561,110,209,161,157,197,95,245,260,62,389,233,1422,295,187,217,90,78,81,377,1235,43960
T[C>T]G,88,72,4830,15001,7492,10274,9061,6047,5315,20554,23548,5474,2869,16890,3485,20082,2128,29977,55688,10442,3708,4703,3285,27683,10662,7489,6644,13885,26676,9155,146,1086,6469,46306,4192,9875,3675,2807,170,3527,20707,1471,16729,6024,5383,18072,7436,16607,312,19936,4514,6359,1202,22337,5950,3436,5122,3777,9027,1015,4380,19344,5564,2848,9474,2634,3694,646,5996,7674,3240,4344,4774,8091,3577,5003,12131,2684,4230,3589,876,2260,3002,2034,191,222,100,175,78,140,74,95,119,112,90,141,147,449,141,173,114,65,67,98,179,330,10374
T[C>T]T,113,113,6945,22306,11344,15492,13338,9183,8097,30830,36993,8691,4186,24939,5114,30453,3255,45849,80717,15547,5665,6811,4831,42371,15194,11138,9975,19597,40737,14243,203,1627,9701,66603,6415,15105,5598,4269,230,5306,31465,2197,24857,8563,8105,26128,11408,24643,480,31555,6902,9347,1886,32602,9379,5311,7713,5407,13458,1618,6600,28830,8256,4268,14548,3898,5625,995,9004,11489,4912,6573,7068,12123,5520,7274,19483,4153,6385,5481,1272,3528,4275,3236,270,390,91,161,87,253,83,107,149,229,89,208,264,843,153,253,228,121,103,168,144,520,15612
A[T>A]A,10,13,160,512,244,433,445,373,198,702,917,296,119,518,178,887,70,1279,2140,333,184,227,106,1072,540,276,265,434,1211,262,54,76,228,2012,174,445,154,172,14,204,1246,86,478,222,224,708,258,450,31,887,229,238,58,734,226,160,219,136,335,69,203,811,230,101,341,111,172,23,210,241,116,195,168,293,131,183,535,105,168,220,43,90,97,87,35,48,22,44,7,26,9,26,28,25,18,28,50,67,35,53,23,16,12,23,17,15,296
A[T>A]C,22,13,68,173,61,169,203,171,97,210,247,108,63,181,99,251,34,369,640,116,87,136,61,334,332,88,93,154,369,94,89,33,79,640,62,150,78,104,4,72,329,81,157,140,83,444,87,179,10,262,101,109,52,261,79,85,176,113,184,56,96,563,111,56,165,78,116,16,90,143,55,119,69,122,60,128,257,56,98,198,37,42,74,79,33,48,27,40,5,34,16,25,20,19,11,35,67,108,44,49,26,29,17,16,14,10,76
A[T>A]G,21,17,99,162,94,190,196,189,110,235,342,136,97,168,123,248,42,419,477,106,106,132,70,346,451,87,69,111,318,114,60,53,80,390,73,197,81,110,12,91,274,85,198,171,142,487,92,206,27,333,115,152,55,200,74,113,196,120,225,93,137,708,119,65,220,123,149,29,125,123,84,175,89,159,80,172,471,91,116,240,32,64,65,82,45,80,16,49,5,31,16,30,25,45,25,38,106,141,47,64,46,39,13,36,41,17,132
A[T>A]T,14,15,341,1262,635,1043,961,1030,423,1773,2527,688,231,1414,231,2398,168,3893,5696,1087,437,302,271,3100,869,914,820,1135,3598,864,66,87,812,5490,507,1097,300,258,12,426,3992,186,1313,329,422,1079,848,1381,44,3996,564,454,95,1850,774,272,506,246,730,207,358,1934,707,237,749,297,270,71,422,540,232,493,369,597,407,436,1323,204,345,310,131,194,180,214,31,77,19,29,10,26,8,25,27,35,16,30,68,110,62,71,32,36,16,23,25,62,716
C[T>A]A,6,14,40,91,34,85,90,101,64,124,218,73,32,67,30,185,14,320,351,49,61,51,34,269,195,48,38,50,294,75,25,11,46,313,52,116,46,43,4,46,332,21,79,57,46,199,66,65,9,237,54,61,17,107,61,48,134,108,107,53,92,457,87,41,127,89,101,16,95,75,50,135,49,91,50,97,318,52,104,165,33,55,71,55,19,18,8,22,4,18,4,11,12,27,17,36,82,100,38,45,27,21,15,21,21,10,59
C[T>A]C,15,14,48,156,35,197,201,219,61,231,322,141,45,145,62,355,32,643,939,106,98,74,41,432,233,108,101,169,568,46,110,22,114,1010,86,218,58,70,2,95,773,40,82,71,78,301,80,50,11,430,105,82,20,288,106,52,305,190,259,138,205,1053,185,89,338,183,239,30,148,140,77,268,116,181,75,218,520,112,168,377,80,109,137,110,31,40,11,26,6,28,5,16,16,64,39,74,154,158,64,88,48,55,31,47,38,6,49
C[T>A]G,18,10,35,52,30,91,103,95,74,86,158,65,49,40,39,110,21,187,131,31,56,81,34,167,202,35,27,16,154,47,63,25,31,107,25,100,37,58,1,42,163,46,74,65,55,210,44,39,13,128,58,57,33,41,25,38,209,147,208,106,165,753,87,53,193,105,178,17,119,99,70,207,67,104,62,185,438,76,140,331,46,74,95,83,24,38,14,24,11,28,12,11,21,34,34,56,118,146,39,61,38,41,20,33,21,14,55
C[T>A]T,11,12,36,331,40,410,488,536,57,536,731,273,51,437,55,1047,21,1499,3030,346,181,80,41,993,191,184,298,454,1688,48,126,24,301,3184,199,437,50,56,4,164,2402,43,97,80,47,236,200,92,14,1339,212,64,17,782,235,41,218,128,196,95,197,773,336,51,406,117,168,12,93,128,69,208,72,149,47,184,324,89,136,325,112,67,98,96,21,30,11,28,11,24,3,15,15,41,39,54,110,118,41,81,38,42,14,38,32,9,40
G[T>A]A,12,9,48,107,38,103,108,94,73,144,175,63,38,98,47,165,21,269,417,73,49,66,34,222,207,57,49,101,241,63,23,25,46,342,51,118,47,54,3,46,202,34,91,80,57,213,51,88,13,152,55,65,17,139,52,47,132,93,131,59,76,492,92,38,114,73,90,14,65,90,49,135,45,115,53,92,279,61,78,189,27,47,62,46,13,34,10,19,2,18,1,8,8,25,8,35,68,85,26,33,22,25,6,23,21,4,65
G[T>A]C,6,5,27,63,24,55,71,75,50,101,116,56,39,82,46,121,13,165,334,47,26,55,21,144,123,40,40,58,166,30,40,12,45,307,27,76,32,42,6,41,164,13,51,49,33,135,26,57,6,108,30,49,18,120,25,34,120,91,132,66,94,446,74,41,120,70,105,17,71,70,44,118,48,67,27,108,224,50,78,191,18,52,70,58,17,36,8,12,10,14,5,12,13,29,15,21,84,69,26,48,21,26,8,29,17,1,30
G[T>A]G,10,10,24,73,42,81,86,86,59,103,130,46,26,91,52,114,19,175,229,47,40,62,40,156,179,37,36,43,157,46,59,27,33,204,29,94,51,55,4,43,108,34,85,74,54,217,53,91,9,154,51,53,21,86,49,57,195,130,196,77,141,684,101,56,167,115,165,12,94,87,67,174,66,137,72,167,365,82,137,276,33,69,96,96,19,41,11,17,3,27,7,11,11,34,30,37,80,119,40,55,46,42,18,22,36,16,57
G[T>A]T,14,9,25,173,44,186,216,246,50,231,356,125,30,248,52,450,14,715,1369,236,85,65,49,470,129,133,205,221,692,65,41,18,180,1438,89,193,30,49,4,71,1067,39,120,57,34,168,125,180,10,817,101,54,23,393,143,27,276,129,233,106,123,860,191,44,177,123,186,21,87,76,70,244,66,130,80,176,337,90,119,316,77,65,92,104,14,27,11,19,3,11,6,17,11,37,25,53,111,136,46,63,29,49,16,31,30,15,28
T[T>A]A,15,19,74,278,139,306,253,317,136,400,742,249,86,327,63,611,36,1039,1178,275,133,95,79,829,384,231,215,174,918,263,66,37,234,1222,138,332,86,115,9,115,1141,77,321,102,145,287,230,305,25,1117,148,147,53,329,213,102,191,93,192,116,113,774,218,77,223,114,102,32,142,138,80,167,81,125,137,153,519,76,112,164,72,62,59,86,43,60,25,31,9,30,7,23,29,45,16,36,70,100,47,96,37,34,19,23,27,21,162
T[T>A]C,12,7,69,311,101,393,398,454,87,522,834,271,63,353,60,853,29,1514,2200,240,166,80,39,1060,257,198,202,363,1384,124,41,26,222,2384,189,396,85,61,9,134,1975,38,173,88,99,248,227,98,17,1100,198,107,35,617,225,66,187,132,200,60,138,644,264,83,219,106,171,18,133,120,74,160,88,170,89,158,556,74,127,248,85,76,82,66,24,31,15,15,4,20,9,12,16,40,17,52,81,104,34,57,30,37,25,34,24,5,135
T[T>A]G,13,11,43,135,43,178,165,223,77,190,368,142,39,118,39,373,24,625,683,103,97,54,26,466,202,106,98,93,508,84,56,17,106,763,87,181,47,71,3,76,727,48,112,63,85,177,123,61,20,582,123,63,28,154,111,61,127,68,112,70,91,445,152,37,132,59,81,12,71,72,37,114,53,85,66,92,317,44,90,157,47,61,44,35,27,30,11,16,4,15,4,24,21,23,14,25,50,64,28,53,15,28,13,21,19,17,62
T[T>A]T,17,15,68,1581,152,2066,2557,2771,134,2441,3735,1360,74,2244,115,5506,27,8523,16312,2004,872,154,146,5624,381,992,1623,2327,9000,218,90,58,1640,17829,945,1951,81,99,5,786,13219,131,374,154,107,543,1064,543,21,7658,964,125,37,4187,1435,93,347,172,356,144,164,1283,1439,79,244,205,207,58,119,143,91,309,92,172,146,255,410,86,132,380,531,71,118,154,27,64,25,50,3,50,13,36,34,64,42,72,130,161,76,110,55,62,27,31,44,34,92
A[T>C]A,90,76,215,144,70,427,639,659,441,185,259,371,342,131,435,184,129,320,393,93,288,544,214,265,1529,93,67,83,258,108,411,209,76,320,63,485,354,440,47,254,216,318,171,606,391,1792,88,170,135,335,379,440,167,164,62,360,302,187,246,135,186,1102,157,83,238,158,211,35,149,185,89,282,103,179,114,208,552,127,178,425,49,95,113,144,202,477,118,206,38,226,86,217,123,134,70,107,222,357,172,212,132,212,58,112,162,53,95
A[T>C]C,36,28,66,63,43,140,205,201,138,83,112,117,101,77,138,92,38,175,212,68,103,144,85,118,521,52,53,50,147,56,133,58,63,170,43,159,89,124,16,83,108,110,111,173,126,519,59,90,52,220,108,145,55,92,39,114,153,73,153,79,92,522,76,43,160,71,119,18,69,56,33,125,43,102,50,114,265,56,86,188,26,37,62,58,73,177,43,56,11,87,32,80,21,73,16,42,82,142,99,91,38,99,25,44,80,20,50
A[T>C]G,78,72,169,92,81,370,513,543,376,141,242,309,296,111,370,170,95,299,191,89,230,439,199,291,1291,100,87,42,218,111,374,176,67,173,51,426,258,373,43,191,260,278,164,455,357,1520,97,172,114,459,297,380,138,85,66,307,244,125,194,115,151,812,112,80,186,114,181,23,134,124,68,207,85,157,106,213,435,87,150,290,35,76,96,124,146,268,99,197,32,171,61,156,111,85,53,82,174,238,115,186,97,96,45,72,91,50,71
A[T>C]T,84,63,191,198,265,407,560,620,425,268,442,429,288,452,377,341,103,578,627,451,250,509,317,503,1404,352,390,131,480,403,360,151,361,527,104,515,274,385,38,262,458,358,645,501,367,1537,359,754,92,1865,330,434,155,214,255,332,503,193,560,197,243,1965,199,115,349,292,238,77,202,202,110,452,132,218,306,404,665,127,179,396,67,135,128,240,188,340,114,190,37,194,74,184,106,122,77,110,229,331,154,206,110,155,64,124,121,64,169
C[T>C]A,28,22,119,179,94,246,300,303,141,245,357,197,115,207,118,335,41,589,754,198,136,171,103,430,543,134,140,124,527,139,119,77,122,740,72,258,96,169,15,107,614,97,234,208,150,593,172,211,37,684,182,154,55,259,116,117,183,133,254,97,123,730,143,53,200,119,125,20,109,122,64,197,86,144,88,153,393,69,100,231,35,70,97,94,61,196,47,61,11,83,30,83,36,65,35,51,116,155,97,75,45,102,25,46,82,23,91
C[T>C]C,23,23,60,97,49,176,219,203,101,152,231,117,83,84,80,172,31,319,418,54,78,117,58,229,407,47,62,73,258,48,297,52,42,380,62,195,82,124,10,79,291,69,78,114,109,464,51,50,31,201,124,128,44,126,42,90,255,172,202,110,262,816,142,71,714,124,216,19,123,130,75,207,79,171,68,179,461,103,146,364,40,108,101,94,50,93,35,43,15,59,22,50,30,65,40,73,143,176,62,94,56,86,25,52,71,18,66
C[T>C]G,43,47,83,52,32,216,301,327,209,88,168,188,154,49,229,99,50,225,221,34,117,247,93,145,712,37,38,40,185,39,295,92,32,178,39,254,152,204,18,129,179,130,52,259,197,785,31,45,70,141,164,197,74,52,23,149,141,114,151,67,165,589,83,46,387,91,131,11,68,77,50,157,58,97,59,145,326,62,112,192,35,42,75,73,88,131,49,102,26,103,21,58,68,54,42,78,138,154,68,99,52,68,29,51,75,23,35
C[T>C]T,34,33,217,787,416,817,745,862,326,1056,1628,564,210,957,240,1586,103,2701,3881,719,334,315,250,2052,856,629,650,688,2501,558,614,87,592,3687,337,797,235,239,22,304,3142,207,888,322,330,1002,625,877,40,2966,417,368,86,1116,550,243,475,247,590,184,607,1925,531,182,1708,312,276,72,376,354,178,499,253,398,325,430,1126,204,289,441,139,191,169,238,71,220,58,77,24,103,32,70,33,86,48,72,172,180,115,128,54,126,28,67,100,61,407
G[T>C]A,34,26,50,28,17,124,215,176,123,25,53,106,93,19,122,36,28,56,65,20,80,146,58,58,458,22,18,15,54,24,122,66,10,48,13,153,101,155,14,94,48,91,40,172,98,556,23,31,44,64,110,135,53,36,13,82,163,94,143,71,96,579,71,52,128,83,139,17,55,60,51,150,50,88,43,115,275,56,94,208,44,59,74,57,64,165,39,84,15,76,26,54,48,54,30,52,116,141,95,79,41,97,24,37,61,15,16
G[T>C]C,19,15,29,12,15,55,103,102,73,22,18,66,49,23,102,21,22,33,86,26,40,104,42,27,250,20,27,22,45,18,91,36,35,89,18,74,59,76,7,44,37,72,24,93,64,314,25,50,21,79,61,78,24,21,16,63,91,58,75,35,62,363,43,18,118,56,79,13,47,57,23,95,31,41,31,87,155,29,62,134,17,30,28,43,29,89,27,48,10,42,15,46,14,29,17,36,72,90,50,47,29,62,12,26,31,4,7
G[T>C]G,32,22,65,46,21,132,209,185,158,46,86,121,128,31,144,48,37,121,74,28,85,161,68,93,509,37,24,13,77,39,140,76,35,55,19,163,114,152,16,68,67,131,52,189,116,505,39,53,39,118,124,121,57,25,17,116,219,110,141,93,110,634,79,37,143,95,147,19,85,68,48,173,58,84,50,149,334,62,114,212,29,48,60,85,70,120,39,83,14,84,23,57,42,38,35,59,130,184,69,99,55,51,32,52,41,23,22
G[T>C]T,39,33,166,447,1169,494,342,458,291,606,1131,388,172,2143,172,784,110,1538,993,2324,231,206,926,1284,785,1813,2101,194,1132,2052,132,84,1826,928,202,483,226,221,22,205,1182,597,3078,208,285,699,1800,4448,50,10194,310,313,84,362,1197,191,1317,125,1858,614,224,5955,254,134,418,932,170,213,272,270,134,1557,168,297,1038,1087,1027,111,223,306,50,161,91,737,73,166,42,71,15,65,37,70,38,57,40,47,106,158,81,98,50,92,31,49,60,252,346
T[T>C]A,45,35,264,772,562,806,740,767,380,1057,1690,574,230,1229,270,1409,124,2440,3454,1006,359,352,375,1998,1073,784,850,671,2216,840,172,109,749,3147,313,865,249,297,26,349,2497,304,1308,364,373,1102,802,1604,60,3990,422,410,111,1062,647,242,712,246,872,269,305,2810,490,195,552,417,290,68,368,412,196,741,281,421,413,522,1198,197,294,470,121,195,204,316,72,255,67,78,24,99,41,86,56,92,45,94,138,195,113,126,76,132,45,70,98,87,480
T[T>C]C,23,21,73,289,144,358,390,372,155,418,592,239,110,351,109,665,38,957,1689,297,161,142,101,750,454,226,285,252,995,183,101,52,247,1670,138,352,99,119,10,147,1243,94,332,176,115,464,215,319,33,1223,200,145,62,469,219,128,229,103,278,108,154,861,198,81,252,139,128,31,141,145,85,221,91,170,131,204,403,79,129,237,66,75,86,95,50,172,47,53,11,64,34,58,36,63,24,49,102,128,99,84,40,93,17,32,65,24,130
T[T>C]G,30,22,96,277,185,368,323,419,179,365,768,311,115,298,152,593,44,1021,953,296,194,168,140,882,579,269,232,154,934,286,119,62,215,978,116,360,140,148,13,178,1078,130,417,190,189,511,297,366,42,1310,221,206,77,277,201,148,205,90,197,112,139,780,196,72,258,118,124,33,198,156,74,229,100,149,165,174,584,94,124,171,50,77,55,103,73,106,37,58,21,63,17,46,39,43,21,48,90,119,55,86,30,44,22,31,36,32,196
T[T>C]T,39,37,141,688,257,928,1040,1136,265,1035,1704,649,173,1083,210,2068,68,3241,5539,931,453,252,227,2271,858,602,774,832,3335,389,186,91,750,5973,363,1054,166,228,15,399,4537,205,619,299,261,884,665,753,66,3810,491,266,98,1486,604,198,410,163,482,198,240,1728,642,117,365,260,217,64,200,181,111,438,121,221,248,356,657,118,206,360,192,108,117,209,72,276,66,97,26,105,55,86,54,102,50,70,161,201,139,141,76,128,45,73,102,54,236
A[T>G]A,12,9,48,139,49,176,186,198,67,214,267,95,37,234,50,333,27,501,1023,162,64,65,44,388,148,98,127,167,524,65,40,24,108,1029,55,162,49,51,3,71,655,36,131,91,51,269,101,137,9,492,93,62,23,313,95,57,98,68,137,44,63,366,101,25,90,55,69,5,60,47,33,93,32,68,40,92,154,44,54,97,39,35,46,50,21,80,13,29,2,38,19,28,5,35,11,22,37,59,50,35,22,45,6,18,31,10,48
A[T>G]C,3,6,36,77,52,80,57,80,49,131,198,58,37,79,28,134,16,255,234,70,38,62,27,198,143,50,46,60,215,73,51,14,41,183,39,90,44,30,7,31,178,25,105,52,53,171,73,90,6,246,48,52,13,77,42,30,73,46,71,26,48,223,65,33,104,36,52,9,56,59,23,59,41,66,44,59,176,28,39,80,14,31,28,31,24,43,12,16,4,29,10,15,8,15,8,15,29,48,24,22,10,23,7,15,15,7,66
A[T>G]G,30,17,44,121,98,148,141,183,93,128,253,122,72,135,89,194,33,298,246,111,73,118,69,282,302,110,90,58,240,120,85,46,85,202,55,146,85,114,5,77,235,71,194,100,114,357,125,199,27,474,88,115,43,99,90,81,141,75,169,61,93,562,79,49,162,98,83,25,97,97,54,159,59,95,87,112,297,52,58,160,21,51,57,62,38,90,27,34,8,46,10,38,22,31,23,45,80,76,47,55,33,46,9,26,37,92,98
A[T>G]T,15,11,41,75,81,89,102,108,75,131,158,55,44,181,48,105,20,197,219,139,42,86,78,192,188,113,115,75,159,172,422,27,109,218,45,96,63,70,4,50,130,63,198,95,79,257,107,284,7,562,64,66,19,96,91,50,141,69,161,59,181,520,66,27,565,70,66,16,57,67,36,142,46,64,99,115,214,45,56,110,11,22,49,64,20,83,21,30,8,25,16,32,11,34,7,17,47,60,39,36,19,44,16,27,33,15,64
C[T>G]A,6,6,24,55,15,75,57,87,27,60,98,46,16,56,25,102,12,166,244,46,36,41,18,145,91,39,34,49,177,29,40,19,36,248,39,60,33,27,4,22,188,28,44,38,24,108,30,26,8,153,49,27,11,69,32,33,75,44,55,35,55,286,50,27,81,41,46,11,32,46,27,73,26,61,26,59,150,31,32,108,14,29,26,30,13,11,7,8,3,10,11,13,5,19,8,29,31,50,20,25,10,18,6,10,14,11,23
C[T>G]C,13,9,35,95,38,103,150,149,55,147,224,72,45,73,43,177,22,329,444,49,66,62,33,265,207,46,36,78,287,42,184,17,48,471,43,121,46,46,5,50,408,43,73,82,54,217,49,39,20,206,66,50,29,150,49,42,127,93,111,46,129,390,96,47,320,65,97,10,70,79,37,99,41,80,32,104,257,39,62,161,34,36,54,50,20,39,13,20,4,18,10,13,15,31,17,25,68,77,33,53,19,30,15,16,10,4,48
C[T>G]G,12,4,38,59,17,107,97,117,79,65,170,113,51,6,65,120,23,229,67,7,52,81,25,191,247,27,7,17,171,37,142,28,12,86,53,103,53,79,7,52,199,43,41,75,86,240,40,1,12,121,69,75,32,19,32,52,178,93,115,72,136,548,86,55,236,86,134,18,90,76,52,172,86,97,46,132,402,68,128,260,30,68,68,56,29,48,17,28,12,31,4,25,28,33,27,45,121,120,58,89,28,40,20,39,37,69,51
C[T>G]T,29,29,28,30,1,105,121,126,71,30,53,71,75,41,84,58,12,107,231,26,42,106,37,72,223,10,33,26,125,4,3013,36,35,186,52,93,49,78,6,51,151,73,13,87,68,268,9,8,27,85,70,67,42,61,18,56,113,70,88,52,809,397,79,28,3287,66,91,11,55,60,25,123,32,69,25,76,186,47,52,152,24,31,36,56,49,51,25,28,9,36,14,32,25,32,25,43,59,110,49,70,26,39,21,23,29,4,0
G[T>G]A,9,8,17,46,16,64,53,68,29,55,91,34,22,38,18,93,5,152,207,24,28,36,11,131,120,25,20,37,153,23,18,7,26,206,24,74,20,29,1,27,171,22,26,33,38,116,28,20,11,132,38,44,15,60,25,24,61,41,67,24,45,264,44,19,69,33,64,5,28,41,35,61,19,64,13,46,140,27,54,120,16,33,39,34,12,45,8,13,1,20,10,11,6,27,12,23,35,41,24,25,20,24,10,19,23,10,18
G[T>G]C,4,3,25,38,18,50,52,57,21,61,87,34,24,46,12,87,11,139,189,22,18,27,13,106,88,25,20,29,126,20,41,8,20,189,25,46,17,31,3,24,122,19,42,27,29,102,16,39,3,98,24,26,15,75,27,16,48,31,43,24,42,157,42,17,76,17,28,2,29,33,14,46,19,31,19,37,101,24,28,61,12,19,16,17,4,30,9,10,0,12,6,12,5,11,9,13,29,31,12,10,8,23,3,12,21,3,24
G[T>G]G,20,12,63,185,102,196,150,213,112,258,487,170,63,126,68,368,36,650,569,117,107,96,38,516,262,123,88,102,557,136,54,29,85,578,101,214,91,82,8,82,562,60,211,83,100,275,118,123,14,487,123,122,35,184,104,90,213,121,189,115,157,661,167,89,222,124,138,23,129,154,87,192,108,156,100,159,569,107,139,265,50,91,82,86,26,53,19,33,10,33,5,27,28,35,20,42,111,125,53,57,29,54,20,31,30,145,121
G[T>G]T,12,13,95,233,142,198,206,208,90,348,509,151,51,292,57,431,32,664,1006,206,94,97,77,618,253,162,144,217,624,189,662,21,156,885,131,204,78,77,5,85,666,51,316,95,114,295,161,286,12,634,126,93,35,326,134,61,171,94,208,82,282,667,176,66,869,101,111,19,143,164,70,174,79,155,119,153,415,70,120,181,36,59,71,70,12,66,15,26,3,23,9,14,5,27,10,18,63,59,38,43,13,44,8,21,38,14,161
T[T>G]A,13,10,49,168,42,222,218,271,68,213,381,162,53,175,52,453,22,757,1167,153,100,77,33,523,208,87,101,170,739,39,59,20,94,1360,93,197,45,57,5,96,1027,42,72,66,66,236,102,41,15,524,126,71,20,292,113,54,122,60,106,44,94,424,156,50,102,67,109,9,82,74,64,118,36,87,39,89,263,41,96,181,63,47,44,47,25,78,20,19,6,37,16,28,14,36,17,40,59,93,53,50,20,54,11,29,36,13,39
T[T>G]C,21,14,53,171,36,262,217,281,93,225,454,178,46,138,73,505,27,799,1030,124,111,93,37,506,282,104,97,148,749,58,93,40,106,1161,104,226,51,78,4,87,1039,45,88,86,94,258,108,29,16,571,150,96,29,257,109,73,103,63,97,50,117,385,157,55,184,53,86,12,64,82,38,91,55,91,54,75,308,52,86,147,38,46,42,57,31,92,20,42,11,26,15,23,17,40,19,32,72,77,45,48,22,45,15,21,35,10,73
T[T>G]G,15,15,50,101,32,155,145,204,97,145,283,117,57,59,53,237,21,451,407,41,74,88,23,316,275,42,42,58,409,43,97,31,40,471,63,161,60,70,5,73,505,49,51,85,78,265,72,3,18,286,89,91,28,114,73,56,111,84,104,78,93,474,143,49,142,54,105,15,86,61,42,94,40,85,37,110,293,48,90,169,27,57,46,47,22,112,32,39,9,36,25,36,14,49,19,38,81,95,63,61,26,74,14,26,54,47,49
T[T>G]T,40,34,62,195,44,295,340,382,153,288,529,279,109,157,127,572,37,957,1279,156,156,173,59,711,518,120,135,163,875,60,808,60,132,1374,125,354,124,132,13,150,1258,108,81,162,166,505,122,18,35,656,169,147,56,331,138,117,154,103,142,89,290,599,214,60,927,92,152,17,109,112,63,145,85,117,46,147,420,71,107,261,65,73,73,64,70,147,43,73,15,57,21,70,39,66,37,64,112,164,84,114,43,87,23,70,67,33,84
