Type,SBS1,SBS2,SBS3,SBS5,SBS7a,SBS7b,SBS7c,SBS7d,SBS13,SBS17a,SBS17b,SBS18,SBS37,SBS38,SBS55
A[C>A]A,0.0008861572308774,5.80016751463797e-07,0.0208083233293317,0.011997600479904,6.70435065427006e-05,0.0023293861135836,0.0048304059473158,4.03937995517688e-05,0.0018199198507297,0.0020702613912032,0.0006079583062193,0.0515338577445382,0.0039508217709283,0.0127948692574278,0.0058811258823966
A[C>A]C,0.0022804046121903,0.0001480042745114,0.0165066026410564,0.0094381123775245,0.0001791162338976,0.0004608785400695,0.0011500966541228,0.0007648825905223,0.0007209682485583,0.0009181159213162,0.0001289911537866,0.0158103874245379,0.0014503016627458,0.0100959515234391,0.002050392527026
A[C>A]G,0.0001770314106831,5.23015105199252e-05,0.001750700280112,0.0018496300739852,7.12462338185117e-05,0.0001859509944749,0.0003770316857428,0.0002499616308896,0.000263988373952,4.76060107349154e-05,5.81960089177082e-05,0.0024315975595966,0.0010602205258693,0.0018992384053994,4.49085972992533e-05
A[C>A]T,0.0012802271507033,9.78028246433782e-05,0.0122048819527811,0.0066086782643471,0.0002481610391431,0.0007098129358988,0.0019601647322441,0.0040493784204124,0.0003479846747549,6.18078038533145e-05,0.0004559687296645,0.0214140690433615,0.001850384880055,0.0088464525725184,0.0011702240276197
C[C>A]A,0.0003120553679839,0.0002080060074215,0.0225090036014406,0.0074285142971405,0.0004552954548795,0.0011396996435559,0.0001090091611299,0.0144977745916002,0.0013999383467152,0.0002950372514033,0.0002709814160944,0.0740486499630257,0.003220669899339,0.380847280240624,0.0062511967287379
C[C>A]C,0.0017903176560617,9.53027524387929e-05,0.0253101240496198,0.0061387722455508,0.000240155844332,0.0015495916206243,0.0030902597054256,0.0032195058058588,0.0009679573711573,0.0011601464800945,4.10971815552889e-05,0.0196128856658825,0.0008141693472242,0.0694721416711899,0.0037507180372427
C[C>A]G,9.32165394105873e-05,2.23006440649012e-16,0.0025110044017607,0.0034593081383723,2.23144805358541e-16,0.0004078925040094,0.0019101605298909,8.50869391548397e-05,4.32980931519775e-06,2.22028033259479e-16,2.22984707708745e-16,0.0120078891831934,0.0007471554083249,0.0509795571975638,0.0006411227364993
C[C>A]T,2.23039573911599e-16,0.0004210121592521,0.015406162464986,0.006488702259548,0.0003722415587146,0.0014896074288582,0.0135011346353547,0.0001169820432563,2.21990223550554e-16,0.0001370172998042,0.0001819875192959,0.0363238647791599,0.0017703682365932,0.183926245575524,2.84054379353852e-05
G[C>A]A,0.0015802803891494,8.62024896141022e-05,0.0071328531412565,0.0101979604079184,4.06263636661738e-05,0.0007458034509585,0.0010500882494164,0.0001679742159578,0.0009489582078805,0.0017802247711796,0.0009979315618534,0.109071660080673,0.0020404244082769,0.0119951899288385,0.0008551637124913
G[C>A]C,0.000339060159444,2.23006440649012e-16,0.0109043617446979,0.0076484703059388,0.0001380896104909,0.0002149433538285,0.0007420623629209,2.21965928230017e-16,0.0004509801388346,0.0012801616332078,2.77980936067404e-06,0.0173113735724371,0.0006291308592187,0.0062774827294255,0.0001920367635068
G[C>A]G,0.0005871041698928,1.39004014574944e-05,0.0014305722288915,0.0023395320935812,4.25275974338026e-05,7.28807929958139e-05,2.22018658448056e-16,1.81972067287671e-05,0.000163992777758,0.00010601338525,9.23936636425471e-05,0.0075649701854118,0.0005061052698961,0.001369450850209,7.72147819933709e-05
G[C>A]T,2.23039573911599e-16,5.12014787499076e-05,0.0100040016006403,0.0068186362727454,2.23144805358541e-16,0.0001469612698269,0.0003630305090839,7.39886427433388e-05,6.14972916592752e-05,4.70059349693492e-05,0.0005339633807913,0.0623409580094122,0.0012902683758221,0.0090863563710951,0.0007381413097293
T[C>A]A,6.58116769658438e-05,0.000639018455492,0.0084133653461384,0.0078584283143371,0.0003902532470396,0.0028992359353615,0.0025202117985995,0.0113982503685684,0.0789965209932153,0.0001900239924292,1.23991496663159e-05,0.0738485184766392,0.002000416086546,0.0176929051450368,0.0017403331692806
T[C>A]C,0.002530448977562,0.0001700049099118,0.0168067226890756,0.0091681663667266,0.0006364129874799,0.0035190725836113,0.0142011934682991,0.0077588090228149,0.0293987052810194,2.59032705469392e-05,2.22984707708745e-16,0.0436286640322692,0.001590330788804,0.0114953903484703,8.281585426232e-18
T[C>A]G,2.23039573911599e-16,8.53024636204515e-05,0.0014105642256902,0.0022995400919816,3.44223376875956e-05,0.0002999209588305,2.22018658448056e-16,2.21965928230017e-16,0.0120994671394672,2.22028033259479e-16,9.50934784892449e-05,0.0127083493855463,0.0011202330084657,0.0023790460025529,9.91189753308685e-05
T[C>A]T,5.88104347354349e-06,0.000440012708007,0.0099739895958383,0.0126974605078984,0.0006133980523981,0.0014096285065034,0.0037303134955461,0.0001909706859996,0.0354984366488499,0.0002880363674717,0.0025698237614864,0.122080206695799,0.0024405076255861,0.0277888566684759,0.0040607773949881
A[C>G]A,0.0018603300783658,2.23006440649012e-16,0.0197078831532613,0.0100979804039192,6.49421429047951e-05,8.55774469196388e-06,0.0011200941327109,0.0011798188977991,0.0038698295727056,0.001010127538703,0.0001459899880066,0.0017311373572437,0.0343071358842639,0.0026889217423813,0.0028505457083045
A[C>G]C,0.0012202165030141,0.0001330038412839,0.0117046818727491,0.0056988602279544,2.16140259898856e-05,0.0001889502040632,0.0003190268110131,0.0025496086350745,0.0009509581198044,0.0005690718510119,4.33970238321055e-05,0.0025917027487059,0.0112023300846576,0.0015793666739637,0.0001680321680684
A[C>G]G,0.000115020408071,1.52004390038788e-05,0.0002531012404961,0.0017196560687862,5.08329870502865e-05,0.0005048669473646,2.22018658448056e-16,0.0009058609503441,0.000263988373952,0.0001520191939434,2.22984707708745e-16,0.0019212622693109,0.0053511130315105,0.0006357450662284,0.000510097653065
A[C>G]T,0.0011402023060951,9.12026340232729e-05,0.017406962785114,0.0100979804039192,9.56620779922714e-05,0.0002849249108889,0.0019301622108322,0.0029095533835556,0.0039998238477577,1.96024750084946e-05,0.0003189781244802,0.0040826823222857,0.0188039112135324,0.0024390219521971,0.0012702431752795
C[C>G]A,2.41042768218364e-05,2.23006440649012e-16,0.0193077230892357,0.0069586082783443,2.23144805358541e-16,0.0004578793304812,0.000206017313695,0.0013197974110974,0.0056097529464802,0.0005530698305968,0.0001939866963923,0.0006134030057747,0.0004420919551266,0.0016893225816447,0.0029405629411983
C[C>G]C,7.68136290422007e-05,0.0003510101375237,0.0141056422569028,0.0090681863627274,0.0001310850650312,0.0009597470682576,0.002260189946363,0.0002859561057377,0.0006479714633367,0.0002350296748467,4.65968043911548e-05,0.002261485796168,0.0003130651175444,0.001259494942528,0.0028605476230704
C[C>G]G,0.0003520624664434,4.87014065453223e-05,0.001500600240096,0.00248950209958,7.75503247322284e-05,0.0007907915947831,0.0002620220203305,0.0013197974110974,0.0004879785094264,0.0002320292960189,2.22984707708745e-16,0.0035823536063193,0.0003210667818906,0.0009566163968248,0.0002640505498218
C[C>G]T,2.23039573911599e-16,6.36018368846509e-05,0.0223089235694278,0.0095280943811237,9.56620779922714e-05,0.0008897655111971,0.0042403563595484,2.21965928230017e-16,0.0063997181564123,3.90049247618004e-05,0.0001929867649676,0.0037924916670252,0.0005811208731416,0.0012694909341354,0.0033106337875396
G[C>G]A,9.59170185566022e-06,6.54018888719523e-05,0.0127050820328131,0.0046790641871625,1.96127272871184e-05,5.10865366541302e-05,0.0001820152965655,0.0001959699186174,0.0014999339429091,0.0008781108702784,5.98958923397031e-05,0.0006354174692773,0.0013202746171203,0.0011995189928838,0.0008511629465849
G[C>G]C,0.0001640291036838,0.0002610075381587,0.0086334533813525,0.0050789842031593,3.32215584659352e-05,0.0004518809113046,0.0004730397542609,2.21965928230017e-16,0.0004789789057689,0.0008351054404129,5.54961940710105e-05,0.0013408809587899,0.00093819514459,0.0010795670935954,0.0014102699820032
G[C>G]G,0.0001660294586068,2.23006440649012e-16,0.0024209683873549,0.0015096980603879,4.51292857474e-05,0.0003369112104196,0.0001800151284713,0.0005449163553394,0.0002409893868274,2.37029927398633e-05,2.22984707708745e-16,0.000639420099005,0.0005771200409685,0.0010195911439512,0.0057210952461409
G[C>G]T,2.23039573911599e-16,0.0001340038701657,0.0147058823529412,0.0067186562687462,4.20272727581108e-05,0.0002769270186535,0.001280107580241,0.0008818646337787,0.0026998810972364,0.0007870993791676,2.22984707708745e-16,0.0012308086412773,0.0012702642149567,0.0009166324303954,6.82130587039883e-05
T[C>G]A,2.23039573911599e-16,2.23006440649012e-16,0.0133053221288515,0.0078084383123375,2.23144805358541e-16,0.0002539330784764,0.0019401630513028,0.0037394259981092,0.316986039934801,0.0037504735347885,0.0001599890279524,0.0021414069043361,0.0017903723974586,0.0026589337675592,0.0070613518247823
T[C>G]C,0.0002030360246818,9.87028506370289e-05,0.0203081232492997,0.0075984803039392,5.09330519854248e-05,0.0016195731776847,0.0046103874569618,0.0005879097558524,0.0634972035831541,0.0007230912975072,6.17957620466386e-05,0.0046430504841681,0.001110230928033,0.0021791261704056,0.0032806280432416
T[C>G]G,6.9412315827197e-05,4.12011899315663e-05,0.0005202080832332,0.0017096580683863,6.35412338128581e-06,0.0003639040967143,8.75073541180399e-06,0.0008728660150666,0.0137993922747642,0.0003800479848585,1.54989370828948e-05,0.0008995910313075,0.0008601789172147,0.0010995590768102,0.0002290438481409
T[C>G]T,0.0015602768399197,0.0011800340805642,0.0235094037615046,0.0124975004999,0.0002811824677387,0.0007138118820166,0.0123010337788788,8.52869084595514e-05,0.368983749955651,0.000283035736092,0.0014998971370543,0.0031820906335462,0.0025505305103461,0.0039484166849093,0.0021104040156219
A[C>T]A,0.0250044365371747,6.11017646800655e-05,0.0142056822729092,0.0325934813037393,0.0001220792208687,0.0014096285065034,0.0013301117825942,0.0033294889234502,0.0071796838067251,0.0012201540566511,0.0005709608435053,0.0092060483737815,0.0062412981900235,0.003448617104541,0.0051109784454161
A[C>T]C,0.0063211215565977,0.0013800398569311,0.0124049619847939,0.0178964207158568,0.0177114935194896,0.0380899617714747,0.0076806454814462,0.001399785132982,2.21990223550554e-16,0.0017102159318635,7.02951791566132e-05,0.0046530570584874,0.0030606366124153,0.0021491381955835,0.0002330446140473
A[C>T]G,0.365064773442751,3.27009444359762e-05,0.0025710284113645,0.0061787642471505,2.23144805358541e-16,0.0005428569354832,0.0009270779116276,0.0012098142935059,0.0003029866564676,3.95049878997722e-05,0.0002869803188897,0.0122080206695799,0.006331316913918,0.0051779236526153,0.0053210186555017
A[C>T]T,0.0095817000810453,0.0018600537202114,0.0121048419367747,0.021995600879824,0.0074248181872662,0.0107971545178984,0.0074806286720335,0.032894950625079,0.0003179859958967,0.0007370930653704,0.0001469899194313,0.0079752397325042,0.0056511754444924,0.0024390219521971,0.0007761485858401
C[C>T]A,0.0020003549229739,0.0043201247695234,0.0161064425770308,0.0193961207758448,0.0500324675691796,0.106971808649548,0.0027102277675415,0.0355945362386873,1.92991500654311e-05,0.0008211036725496,0.0004569686610892,0.0117076919536135,0.0036107510362155,0.0042383004415229,0.0072513882053359
C[C>T]C,0.0002700479146014,0.0001700049099118,0.0202080832332933,0.018996200759848,0.0553359091315126,0.181952048357176,0.0059705017609679,0.0025996009612524,0.0013499405486182,0.0017202171946229,5.88959609150002e-05,0.0067644442398655,0.0021004368908733,0.0047281040302838,0.0040007659063922
C[C>T]G,0.19603478245145,0.0027700800026805,0.0022408963585434,0.01749650069986,0.0067143571477839,0.0220941773005142,0.008940751380746,0.0026395948221947,0.0019899123642594,0.0019002399242928,0.0005429627636136,0.0168110448564707,0.0032706803015027,0.0034985970625779,6.59126183078127e-05
C[C>T]T,0.0001960347824514,0.0014500418786594,0.0230092036814726,0.0230953809238152,0.0566367532883113,0.125966802708814,0.0206017313695043,0.000137978820251,0.0014499361448121,0.0017402197201418,0.0001359906737595,0.0066543719223529,0.0060612607422343,0.0040983565590198,0.000719137671674
G[C>T]A,0.0044407879290022,2.23006440649012e-16,0.01640656262505,0.0193961207758448,8.49551299324669e-05,0.0008547747326669,0.0001570131953889,0.0003649439810989,0.0071796838067251,0.0016402070925475,6.10958100493466e-05,0.0096863639411093,0.0025505305103461,0.0023690500109456,0.0065012445978874
G[C>T]C,9.28164684259925e-05,1.29003725756603e-07,0.0134053621448579,0.0215956808638272,0.011707597411188,0.0262930707241414,9.51079928757211e-06,0.0001809722207641,0.0009209594409462,2.22028033259479e-16,0.0001569892336783,0.0081753712188908,0.0023104805799606,0.0029588135157801,0.001510289129663
G[C>T]G,0.218038686604164,2.23006440649012e-16,0.0005282112845138,0.0122975404919016,5.52358441963743e-06,0.0001759536291805,3.43028828142717e-05,0.0001569759041987,0.0001779921612252,0.0016102033042692,0.0008549413681209,0.0148097299926051,0.0043208987469393,0.0044782042400997,0.011902278571517
G[C>T]T,3.84068145211004e-05,5.04014556444403e-05,0.0113045218087235,0.0185962807438512,0.0161104545572758,0.0053885798936548,0.0007580637076739,0.0420935386418184,0.001269944071663,6.60083342122776e-05,2.22984707708745e-16,0.0066943982196303,0.0023204826603933,0.0031987173143569,0.0052910129112037
T[C>T]A,0.0011101969822505,0.536015480663095,0.0057623049219687,0.0202959408118376,0.238154545629295,0.0066082584595655,0.0173014540141953,0.0002069682303766,0.0069296948162402,0.0005320671788019,0.0001079925938679,0.0114074947240337,0.0040208363339574,0.0064474145867507,5.82111439380076e-11
T[C>T]C,3.73066193134647e-05,0.0973028102024611,0.0133053221288515,0.022995400919816,0.331214935307969,0.210944407710792,0.0137011514447674,0.0056491328581062,0.0044798027094886,9.061144060049e-05,0.0006039585805205,0.0114074947240337,0.0025005201081825,0.0072271019321252,0.004110786968818
T[C>T]G,0.110019520763569,0.0442012765770687,0.0009893957583033,0.0158968206358728,0.0741481169375241,0.0573848767895709,4.64038997837378e-05,0.0017497314162276,0.0011899475947079,0.000177022350842,6.23957209014603e-05,0.0118077576968068,0.0034307135884263,0.0034686090877558,0.0048109210024367
T[C>T]T,2.23039573911599e-16,0.30000866455024,0.008173269307723,0.020995800839832,0.107069480598044,0.101973126002373,0.0023201949891868,0.0499923261779316,0.001419937465954,0.0003480439440283,0.000894938625109,0.0037524653697479,0.0058412149727143,0.0065773624776464,0.0314060123651794
A[T>A]A,0.0008001419691895,9.59027697678933e-05,0.0054921968787515,0.0073785242951409,0.0019412597416841,0.0024893439582932,0.0124010421835851,8.88863559443625e-05,2.21990223550554e-16,0.001010127538703,6.25957071864009e-05,0.0024916370055126,0.0022504680973642,0.0019892023298657,0.0042608156903077
A[T>A]C,0.0022303957391159,0.0008780253582503,0.0072128851540616,0.0069286142771445,0.000670435065427,0.0004668769592461,0.0034202874409565,0.0010798342454433,6.51971287184511e-05,0.0009971258971157,0.0002889801817391,0.0008785772252369,0.0016603453518331,0.0019392223718289,0.0006181183325376
A[T>A]G,0.0011402023060951,2.55007364867704e-05,0.0096438575430172,0.009118176364727,0.0005873811692621,0.0015595889859186,0.0002110177339303,0.0036994321371669,0.0005899740175442,0.0002000252551887,6.569549460298e-05,0.0026017093230252,0.0024905180277497,0.0010795670935954,0.0081015509604443
A[T>A]T,0.0001830324754521,2.23006440649012e-16,0.0061124449779912,0.0061987602479504,0.0037124090936331,0.0082878158290164,0.05070426118611,0.0410936921182598,0.0006059733129352,0.0014601843628776,0.0006329565918369,0.007845154266353,0.0027705762798662,0.0027189097172034,0.0039207505882644
C[T>A]A,4.30076308439405e-05,0.0002430070182856,0.0079431772709083,0.0035392921415716,0.0001771149351948,0.0011197049129672,0.0034702916433097,0.0016097529029294,0.0002089907960453,0.0004340548037595,9.35935813521906e-05,0.0005423563281075,0.0015703266279386,0.0008966404471806,7.39141501205973e-05
C[T>A]C,0.0003930697423643,0.0002440070471675,0.0178071228491397,0.0051889622075584,0.0002611694807111,0.0009577475951987,0.0134011262306484,8.12875223653169e-05,0.0003419849389832,0.0405051141757158,0.0022398463913344,0.0030620117417143,0.0011602413301966,0.0020191903046878,1.10021062425788e-06
C[T>A]G,0.0003240574975217,0.0001490043033932,0.0132052821128451,0.0050089982003599,0.0001120727273549,0.0008827673554911,0.0009610807692278,0.0011998158282703,0.0002259900473983,0.0124015658217006,0.0007169508315119,0.0032121103565042,0.0016003328692368,0.001779286506111,0.0160030636255691
C[T>A]T,0.0002600461399866,2.23006440649012e-16,0.0127050820328131,0.0042991401719656,0.0003712409093633,0.0001119704912967,0.0487040930919834,0.0011498235020924,0.0005229769680943,0.0723091297507223,0.0077894657984355,0.002261485796168,0.0020604285691423,0.0023590540193382,0.0052310014226079
G[T>A]A,8.12144098727434e-05,2.23006440649012e-16,0.007062825130052,0.0036692661467706,0.0004012603899048,0.0005258614144828,0.0017301454014195,2.36963626083396e-05,6.69970494499421e-06,6.46081574259565e-05,9.72933276235913e-05,0.0016010518910924,0.0011502392497639,0.0008926420505377,0.0024304652881333
G[T>A]C,0.0001290228925318,0.0001310037835202,0.0074829931972789,0.0029094181163767,0.0002241454547099,0.0002559325515353,0.0022701907868337,0.0001119828106385,0.0001299942750521,0.0034004293382082,0.0003469762043719,0.0019512819922689,0.0007741610254933,0.0011195510600249,0.0001850354231706
G[T>A]G,0.0002460436555257,6.38018426610177e-05,0.0116046418567427,0.0041091781643671,0.0002901883119012,0.0006558271633093,2.22018658448056e-16,0.0013497928068041,4.69979302111534e-05,0.0006950877617808,0.0002409834733533,0.0018312031004369,0.0010802246867348,0.0012095149844912,0.0125023934574759
G[T>A]T,0.0002580457850636,6.28018137791835e-05,0.0123049219687875,0.0032193561287742,0.0003061987015233,5.58852719954183e-05,0.0203017061553853,0.0087586555463736,0.0003579842343743,0.0048006061245292,0.0015798916510305,0.0034622747144874,0.0016803495126986,0.0018392624557552,0.0051209803601821
T[T>A]A,0.0067211925411925,0.000422012188134,0.0065126050420168,0.0063087382523495,0.0003562311690925,0.0032391463553695,0.015401294324775,0.0166974369434292,0.000295986964734,0.0001190150268372,0.0011899183953964,0.010807100264874,0.0024505097060188,0.0024390219521971,0.003610691230519
T[T>A]C,2.23039573911599e-16,0.0001920055453121,0.0105042016806723,0.0041391721655668,0.0003892525976882,0.0022394098259344,0.0342028744095653,0.0012298112239771,0.0002319897831699,0.0057007197728785,0.0002419834047781,0.0027317947891764,0.0011302350888984,0.0009276280211635,6.95133076235658e-05
T[T>A]G,2.80049689216357e-05,5.010144697989e-05,0.0067126850740296,0.0047890421915616,2.23144805358541e-16,0.0016995521000395,0.0122010253741724,0.0055991405319283,0.0001879917208446,0.0018302310849767,2.22984707708745e-16,0.0017911768031596,0.0012802662953894,0.0008036777252321,0.0094818151981496
T[T>A]T,0.0022503992883457,0.0002050059207759,0.0130052020808323,0.00874825034993,0.0007985181824041,2.2194150953457696e-16,0.279023449130665,0.0272958100931507,6.19972696402449e-05,0.0019802500263683,0.0013099101663607,0.0071046677667227,0.0019504056843823,0.0024989979018413,0.0021004021008559
A[T>C]A,0.0010901934330208,6.1701782009166e-05,0.0165066026410564,0.0461907618476305,0.0004903181821779,0.0010197312600237,0.0002880242055542,0.0043593308427156,0.0019099158873043,9.65121856285573e-05,9.72933276235913e-05,0.0020213280125042,0.0733152495719111,0.0027888816584549,0.0043508329232016
A[T>C]C,0.0030405394829204,2.15006209594339e-05,0.0077631052420968,0.0133973205358928,0.000227147402764,0.0004558798574223,0.0005330447970847,0.0039293968375854,0.0001419937465954,0.0127016037044837,0.0002519827190251,0.0020913740327395,0.0384079888616832,0.0016393426236079,3.36064336136951e-06
A[T>C]G,0.0001060188109176,1.32003812402106e-05,0.0123049219687875,0.0381923615276945,0.0001871214287087,0.0014996047941525,0.0010700899303577,0.0091885895515038,0.00042798115171,0.0003760474797547,2.22984707708745e-16,0.0020813674584201,0.0168034951269864,0.0021691301787983,0.0040207697359242
A[T>C]T,0.0057410186289353,0.0001550044766842,0.0173069227691076,0.0382923415316937,0.0006153993511009,0.0021494335382853,0.0026502227247177,0.0509921727014903,0.0009589577674999,0.0077909836896006,0.0005439626950383,0.0042427875113949,0.048009986077104,0.0034886010709705,0.0137026232293935
C[T>C]A,2.23039573911599e-16,0.0003020087223139,0.0088335334133653,0.0132973405318936,0.000451292857474,0.0015295968900356,0.0075706362362692,0.0101984345402981,4.73979125959292e-05,0.011101401662974,0.0006469556317827,0.000386253768726,0.05001040216365,0.0019492183634362,0.0041808003721799
C[T>C]C,0.0025004436537174,2.85008231322728e-05,0.0145058023209284,0.0103979204159168,0.0002591681820083,0.0008397786847254,0.0035803008884866,8.88863559443625e-05,0.0001219946273566,0.173021845738243,0.0064595570035806,0.0024616172825546,0.0218045353433514,0.0023190700529087,0.0049809535534583
C[T>C]G,0.0003600638861353,2.23006440649012e-16,0.0101040416166467,0.0207958408318336,0.0001040675325438,0.0007298076664875,0.0021701823821273,0.0009348564995273,2.21990223550554e-16,0.0873110238898761,0.0039197311848353,0.0016210650397311,0.0099520700305663,0.0025389818682708,0.0009491817112915
C[T>C]T,4.26075598593457e-05,0.0001860053720211,0.0158063225290116,0.0148970205958808,0.0018211818195181,0.0057284903136627,0.0431036224284288,0.0396939069852777,0.0001119950677372,0.426053793551974,0.0182987450720629,0.0025616830257479,0.0504104853809592,0.004268288416345,0.000684130969993
G[T>C]A,0.0010501863345613,2.23006440649012e-16,0.0099839935974389,0.0140971805638872,0.0001010655844897,0.0002659299168297,2.22018658448056e-16,0.0007998772188469,0.0002869873610766,0.000123015531941,5.9495919769822e-05,0.0007084654618084,0.0307063869284811,0.0016993185732521,0.0026104997539209
G[T>C]C,0.0019003371768252,2.74007913622552e-05,0.0056422569027611,0.0079384123175365,7.41481169375241e-05,2.2194150953457696e-16,0.0004230355519077,0.002319643934656,0.0001819919850729,0.0149018815115596,0.0014998971370543,0.002261485796168,0.0182037863875686,0.0021591341871909,0.0031706069808158
G[T>C]G,0.0011702076299397,0.0001070030903562,0.0109043617446979,0.01499700059988,7.25470779753104e-05,0.0005288606240711,0.0002320194989186,0.0025696055655456,0.0001949914125781,0.0035704508051186,0.0010099307389499,0.0039826165790924,0.0098320450653736,0.0018692504305773,0.0060111507743543
G[T>C]T,7.13126530040222e-05,1.25003610229267e-05,0.0102040816326531,0.0136972605478904,0.000811526623972,0.0068481952266299,0.0070705942127376,0.317951194491645,2.21990223550554e-16,0.0052406616859444,0.0014698991943132,0.0031520709105882,0.04000832173092,0.0030487774402464,0.0126024126051357
T[T>C]A,0.0002550452526791,2.23006440649012e-16,0.0152060824329732,0.017996400719856,0.0021513961054747,0.0059984191766102,0.0302025382213121,0.081187537712961,2.20990267588615e-05,0.0020902639167221,0.001059927310185,0.001801183377479,0.0477099236641221,0.0021091542291541,0.0048809344057985
T[T>C]C,0.0033906015944408,4.35012563597848e-05,0.0089935974389755,0.0097080583883223,0.0005963870134246,0.0017295441959226,0.0209017565836233,0.0142978052868885,2.48989034522919e-05,0.0153019320219371,0.0010999245671731,0.0061840629293445,0.0451093827516123,0.002189122162013,0.0009801876470661
T[T>C]G,0.0004160738239785,0.0001170033791745,0.0069327731092437,0.0126974605078984,0.0003192071430913,0.0038089961771474,0.0129010842071168,0.0227965007371368,9.97956050015555e-05,0.0023502967484674,0.0012099170238905,0.0032621432281008,0.01000208043273,0.0019192303886141,0.0041607965426479
T[T>C]T,0.0043307684082386,3.5801033969662e-05,0.01390556222489,0.018496300739852,0.0008125272733234,0.002969217492422,0.0881074045462779,0.0430933851653771,0.0005309766157898,0.0210026517948156,0.0009999314247028,0.0033722155456134,0.0614127738569622,0.0030587734318538,0.0008871698397424
A[T>G]A,0.0001720305233757,0.0002380068738765,0.0039515806322529,0.0038592281543691,0.0004733071432044,8.43777630843168e-05,0.0119010001600534,0.0036994321371669,6.13972960630813e-05,0.000851107460828,0.001409903308831,0.0007214740084235,0.0217045145390241,0.001149539034847,0.0002620501668686
A[T>G]C,0.0002070367345278,7.46021545848263e-05,0.0026010404161664,0.0025994801039792,0.0002471603897917,0.0009317544454334,0.0010500882494164,0.0026595917526659,2.21990223550554e-16,0.0007000883931605,0.0044796927826689,0.0008585640765983,0.0106022052586938,0.0010695711019881,0.0009201761584702
A[T>G]G,0.0002680475596785,2.05005920775997e-06,0.0063025210084033,0.0079384123175365,0.0002761792209818,0.0014696126982695,0.0006040507644262,0.0105983731497215,8.24963668600033e-05,0.0007190907924034,0.0009899321104558,0.0019913082895462,0.0168034951269864,0.0020691702627246,0.14502776410672
A[T>G]T,0.0001120198756865,3.76010859569634e-06,0.0039715886354541,0.0048290341931613,0.0003092006495775,0.0007328068760758,2.22018658448056e-16,0.0142978052868885,0.0003199859078206,0.012501578449295,0.0690952614469697,0.0018412096747563,0.0247051386688431,0.0028588535997065,0.0022804365666436
C[T>G]A,3.55062998827881e-05,0.0001530044189206,0.0043717486994797,0.0025894821035792,8.42546753864984e-05,0.0003589054140671,0.0032802756743676,0.0014797728548667,4.13981768242926e-05,0.0003100391455425,0.0020498594206409,0.0001110729749445,0.0026005409125098,0.000982605975004,0.0016503159363868
C[T>G]C,0.0002120376218352,0.0001550044766842,0.0070428171268507,0.0046090781843631,0.0001721116884379,0.0007917913313125,0.0055804689826132,4.97923568732199e-05,2.8198758126692e-06,0.0010401313269813,0.0313978467356708,0.0019913082895462,0.0023804951429897,0.0014094348166385,0.0004660892280947
C[T>G]G,0.0001280227150703,0.0001210034947019,0.0107042817126851,0.0061287742451509,2.23144805358541e-16,0.0012896601229711,0.0011901000160053,2.57960403078127e-05,2.21990223550554e-16,1.94024497533058e-06,0.0136990605184296,0.002931926275563,0.0037707843231392,0.0015893626655711,0.113021636855582
C[T>G]T,0.0001710303459142,0.0002030058630123,0.0070328131252501,0.0072985402919416,2.65172078116652e-05,3.67903042832092e-06,0.0034002857600152,0.0001559760576751,5.54975558876386e-05,0.0053106705252605,0.549962283586591,0.0041427217682017,0.004110855057852,0.0068772422258674,0.0011802259423857
G[T>G]A,2.23039573911599e-16,0.0002090060363033,0.0044217687074829,0.0025194961007798,9.06588312353534e-05,0.0003229148990075,0.002480208436717,7.47885199621857e-05,8.76961378620884e-05,0.000495062506592,0.0002809807303415,0.0008705719657815,0.0118024549106214,0.0005037979770112,0.005671085672311
G[T>G]C,2.23039573911599e-16,0.0001330038412839,0.0023409363745498,0.0017096580683863,0.0001210785715174,0.0003209154259486,0.0016601395181251,2.22965774753575e-05,2.21990223550554e-16,0.0002040257602924,0.006249571404393,3.70243249815129e-05,0.0068614271768527,0.0009386236119316,0.0032006127251138
G[T>G]G,0.0003480617565974,3.71010715160463e-05,0.0109043617446979,0.0052989402119576,0.0003252110391996,0.0024093650359384,0.0060305068037917,0.0037994167895228,0.0004259812397861,0.0008351054404129,0.0014798985085602,0.0058338328281681,0.0098320450653736,0.0021591341871909,0.299057251502823
G[T>G]T,1.460259093771e-05,2.23006440649012e-16,0.0058323329331732,0.0023495300939812,0.0008355422084052,0.0018295178488661,0.0067505673176773,0.006838950221141,2.88987273000496e-06,0.0072409142378316,0.11399218241613,0.0021414069043361,0.0171035575399683,0.00333866119686,0.0014402757263012
T[T>G]A,2.23039573911599e-16,1.670048232663e-05,0.0072529011604641,0.0052189562087582,0.0001280831169771,0.0009547483856104,0.019301622108322,0.0002109676164708,0.0001839918969968,2.22028033259479e-16,1.21991633813753e-05,0.0006964575726252,0.0183038071918959,0.0011695310180617,0.0060611603481843
T[T>G]C,5.5109778127933e-05,7.0402033281123e-05,0.006282513005202,0.0065586882623475,0.0001160753247604,0.0015495916206243,0.0174014624189017,0.0001149823502092,2.21990223550554e-16,0.0001160146480094,0.0087493999661502,0.0021013806070588,0.0195040568438235,0.0009026380421451,0.005651081842779
T[T>G]G,0.0005831034600469,9.54027553269763e-05,0.0080532212885154,0.0069386122775444,2.23144805358541e-16,0.0013496443147372,0.0076406421195637,0.0001249808154448,3.66983838031772e-05,0.0009201161738681,0.0047796722100798,0.0014509532763025,0.0302062829068446,0.0018992384053994,0.0795152223895464
T[T>G]T,2.23039573911599e-16,2.23006440649012e-16,0.0105042016806723,0.013497300539892,8.29538312296997e-05,0.0017695336571,0.0217018238212739,0.0001659745229107,1.88991676806553e-05,0.0045805783438216,0.121991633813753,0.0051633923487731,0.0291060540592443,0.0052878795602963,0.0412078888358404
